time,username,user_ID,user_level,good_ID,good_name,content,score,source,vote_count,reply_count
2017-05-04 13:18:21,这***伤,10377603631,钻石会员,3014239,【京东超市】吉列剃须刀锋隐致护手动刮胡刀套装（1刀架1刀头+4刀头）京东特供装,说好昨天到的，今天自己去镇上拿回来了，唉~~。之所以选择京东有两大方面的购物乐趣，第一：大平台商品有保障，服务周到；第二：京东快递强上别家不是一点半点。不过自从来浦城这边工作，快递这一方面一直不让我满意，也试着去适应，但真心觉得不方便太多。老家那边同样是在镇上，京东快递会送货上门，还会提前电话通知。而这边呢？也有京东快递，但是我来这边工作一年了，连面都没见上一次，真不是我购物次数少！每次要么自己去镇上小卖铺拿，要么每个件多交*等着第二天别人拿到学校里再自己去领取。是这边京东快递人手不够？也许只要多花十来分钟的时间，真的就能很大的提高我们顾客的购物体验，当然，如果为了图省事方便，我们的感受如何可想而知。这是我的一点意见与请求，望改进。再来说说产品，拿回来我就用了一下，很柔滑，不伤脸，刮得很干净，本来想买电动的，没用过这种就想体验一下，效果比电动的好，毕竟价格摆在这里！,5,来自京东Android客户端,1,0
2017-04-02 12:38:22,j***9,10272763155,钻石会员,3014239,【京东超市】吉列剃须刀锋隐致护手动刮胡刀套装（1刀架1刀头+4刀头）京东特供装,吉列的剃须刀好，加上京东的快，又好又快，完美！,5,来自京东Android客户端,0,0
2017-03-08 07:43:50,穆***助,10199271313,PLUS会员,3014239,【京东超市】吉列剃须刀锋隐致护手动刮胡刀套装（1刀架1刀头+4刀头）京东特供装,包装整洁干净，一刀头+一刀架+4刀头，看着应该不错,5,来自京东iPhone客户端,0,0
2017-04-26 19:04:39,s***s,10349489902,金牌会员,3014239,【京东超市】吉列剃须刀锋隐致护手动刮胡刀套装（1刀架1刀头+4刀头）京东特供装,不错 很满意 就是没有标明原产地 没有找到,5,来自京东Android客户端,0,0
2017-04-07 16:26:16,s***倩,10287683672,金牌会员,3014239,【京东超市】吉列剃须刀锋隐致护手动刮胡刀套装（1刀架1刀头+4刀头）京东特供装,包装还行，就是挺简单的，希望好用吧，外观满分,5,来自京东iPhone客户端,0,0
2017-03-09 09:13:24,古***堂,10202884812,钻石会员,3014239,【京东超市】吉列剃须刀锋隐致护手动刮胡刀套装（1刀架1刀头+4刀头）京东特供装,简单暴力，刚刚拆开以为完蛋了，里面的东西可能没有了，外包装已经人为暴力拆解.......对吉列已经完全无好感，因为是要送人的，目测已经无法使用，等待你们的工作人员重新帮我换一个包装盒.....不知道是否可以如愿,5,来自京东iPhone客户端,4,1
2017-05-04 09:10:05,林***2,10373686237,钻石会员,3014239,【京东超市】吉列剃须刀锋隐致护手动刮胡刀套装（1刀架1刀头+4刀头）京东特供装,好东西，应该是正品，一直用这牌子的。,5,来自京东Android客户端,0,0
2017-03-07 21:29:57,张***2,10198793110,金牌会员,3014239,【京东超市】吉列剃须刀锋隐致护手动刮胡刀套装（1刀架1刀头+4刀头）京东特供装,非常好，比超市便宜 送货特快。是正品,5,来自京东Android客户端,0,1
2017-04-24 04:09:49,只***水,10347544598,金牌会员,3014239,【京东超市】吉列剃须刀锋隐致护手动刮胡刀套装（1刀架1刀头+4刀头）京东特供装,好用，价格比其它站便宜。。。正品,5,来自京东iPhone客户端,0,0
2017-05-07 23:09:11,j***2,10385987264,钻石会员,3014239,【京东超市】吉列剃须刀锋隐致护手动刮胡刀套装（1刀架1刀头+4刀头）京东特供装,还没用，吉列出品应该不会差吧,5,来自京东Android客户端,0,0
2017-04-24 20:12:36,k***t,10377748421,PLUS会员,3014239,【京东超市】吉列剃须刀锋隐致护手动刮胡刀套装（1刀架1刀头+4刀头）京东特供装,夏天到了，换手动剃须刀,5,来自京东Android客户端,0,0
2017-03-27 16:31:55,拉***吶,10256637371,金牌会员,3014239,【京东超市】吉列剃须刀锋隐致护手动刮胡刀套装（1刀架1刀头+4刀头）京东特供装,今年囤货，去年买的快用完了，手动剃须刀一直用的。,5,来自京东iPhone客户端,0,0
2017-04-05 21:31:10,1***p,10283269617,银牌会员,3014239,【京东超市】吉列剃须刀锋隐致护手动刮胡刀套装（1刀架1刀头+4刀头）京东特供装,送货太快了 昨天晚上买的早上就到了 京东就是好,5,来自京东iPhone客户端,0,0
2017-05-11 22:50:28,兔***_,10397211466,PLUS会员,3014239,【京东超市】吉列剃须刀锋隐致护手动刮胡刀套装（1刀架1刀头+4刀头）京东特供装,不错，买过好几次了。,5,来自京东iPhone客户端,0,0
2017-05-08 10:01:31,j***4,10385040394,金牌会员,3014239,【京东超市】吉列剃须刀锋隐致护手动刮胡刀套装（1刀架1刀头+4刀头）京东特供装,配货速度超快，使用效果不错，服务也不错。,5,来自京东iPhone客户端,0,0
2017-04-06 23:29:09,z***9,10285654183,银牌会员,3014239,【京东超市】吉列剃须刀锋隐致护手动刮胡刀套装（1刀架1刀头+4刀头）京东特供装,包装很精致，物流超快，感觉应该很好用，赞一个！,5,来自京东iPhone客户端,0,0
2017-05-05 17:49:17,k***8,10377537420,银牌会员,3014239,【京东超市】吉列剃须刀锋隐致护手动刮胡刀套装（1刀架1刀头+4刀头）京东特供装,很好用，东西很正，套装很划算推荐购买！,5,来自京东iPhone客户端,0,0
2017-03-22 12:58:29,老***郎,10241138052,银牌会员,3014239,【京东超市】吉列剃须刀锋隐致护手动刮胡刀套装（1刀架1刀头+4刀头）京东特供装,高大上啊?一直用吉列的手动，一样一如既往的好,5,来自京东Android客户端,1,0
2017-03-03 22:54:38,j***1,10348308239,钻石会员,3014239,【京东超市】吉列剃须刀锋隐致护手动刮胡刀套装（1刀架1刀头+4刀头）京东特供装,很好用，剃须效果好，东西不错，一直用吉利。,5,,0,0
2017-03-30 20:32:54,j***1,10267798260,PLUS会员,3014239,【京东超市】吉列剃须刀锋隐致护手动刮胡刀套装（1刀架1刀头+4刀头）京东特供装,剃须舒爽、顺滑、干净，保护肌肤，非常好用。,5,来自京东Android客户端,0,0
2017-04-26 19:57:12,G***H,10356230340,PLUS会员,3014239,【京东超市】吉列剃须刀锋隐致护手动刮胡刀套装（1刀架1刀头+4刀头）京东特供装,挺好用的，不刺激，顺滑，剃的比较干净。,5,来自京东iPhone客户端,0,0
2017-04-02 17:16:20,金***梦,10273015672,银牌会员,3014239,【京东超市】吉列剃须刀锋隐致护手动刮胡刀套装（1刀架1刀头+4刀头）京东特供装,非常喜欢，发货快昨天下的单今天收到了，与描述相符，好用有质感,5,来自京东Android客户端,0,0
2017-05-02 14:18:32,a***e,10370188556,PLUS会员,3014239,【京东超市】吉列剃须刀锋隐致护手动刮胡刀套装（1刀架1刀头+4刀头）京东特供装,一直用吉列，不伤皮肤，刮得干净,5,来自京东Android客户端,0,0
2017-02-02 15:40:49,d***i,10358656101,银牌会员,3014239,【京东超市】吉列剃须刀锋隐致护手动刮胡刀套装（1刀架1刀头+4刀头）京东特供装,"下单很快就送到了，使用一段时间之后，感觉还不错
。",5,来自京东iPhone客户端,0,0
2017-04-04 23:10:29,密***蝶,10281998119,银牌会员,3014239,【京东超市】吉列剃须刀锋隐致护手动刮胡刀套装（1刀架1刀头+4刀头）京东特供装,质量没问题，刀锋很快，还是五层刀片的好，不容易刮伤皮肤,5,来自京东Android客户端,0,0
2017-03-12 04:14:55,j***n,10293523899,PLUS会员,3014239,【京东超市】吉列剃须刀锋隐致护手动刮胡刀套装（1刀架1刀头+4刀头）京东特供装,效果还可以，就是清理时不太方便，希望有更好的清理方式,5,来自京东iPhone客户端,0,0
2017-04-19 14:58:32,5***6,10326732614,银牌会员,3014239,【京东超市】吉列剃须刀锋隐致护手动刮胡刀套装（1刀架1刀头+4刀头）京东特供装,&ldquo;非卖品&rdquo;？？？？赠品吗？总有种说不出来的郁闷感，下次不会再光顾了,5,来自京东Android客户端,0,1
2017-05-08 22:09:14,陈***8,10386551021,PLUS会员[试用],3014239,【京东超市】吉列剃须刀锋隐致护手动刮胡刀套装（1刀架1刀头+4刀头）京东特供装,吉列商品还是可以的，主要想说的是京东配送每次都是这么快，昨天晚上10下的单，早上还没到公司，快递已经到公司了，一如既往的支持京东配送，快递小哥厉害了,5,来自京东Android客户端,0,0
2017-03-22 23:06:55,m***g,10241299115,钻石会员,3014239,【京东超市】吉列剃须刀锋隐致护手动刮胡刀套装（1刀架1刀头+4刀头）京东特供装,正好用完刀头，给老爹买一个。一看现在打折。索性买个刀架,5,来自京东iPhone客户端,0,0
2017-05-02 17:32:55,l***u,10380672359,钻石会员,3014239,【京东超市】吉列剃须刀锋隐致护手动刮胡刀套装（1刀架1刀头+4刀头）京东特供装,一直喜欢用吉列的剃须刀，刮的干净又清爽，很棒,5,来自京东Android客户端,0,0
2017-04-02 18:43:34,d***r,10277257353,钻石会员,3014239,【京东超市】吉列剃须刀锋隐致护手动刮胡刀套装（1刀架1刀头+4刀头）京东特供装,很精致，用起来也很舒服，赞一个。,5,来自京东Android客户端,0,0
2017-05-03 19:57:56,S***Y,10371401950,银牌会员,3014239,【京东超市】吉列剃须刀锋隐致护手动刮胡刀套装（1刀架1刀头+4刀头）京东特供装,看着还行！！！！！！！！！,5,来自京东Android客户端,0,0
2017-03-14 08:55:22,j***l,10215055624,PLUS会员,3014239,【京东超市】吉列剃须刀锋隐致护手动刮胡刀套装（1刀架1刀头+4刀头）京东特供装,东西可以，质量不错下次再光顾，好,5,来自京东iPhone客户端,0,0
2017-04-02 22:53:26,三***子,10273122180,银牌会员,3014239,【京东超市】吉列剃须刀锋隐致护手动刮胡刀套装（1刀架1刀头+4刀头）京东特供装,是挺好的，物流也快，第一次用,5,来自京东Android客户端,1,0
2017-04-04 11:59:09,两***句,10364604063,钻石会员,3014239,【京东超市】吉列剃须刀锋隐致护手动刮胡刀套装（1刀架1刀头+4刀头）京东特供装,很不错 一直用这个牌子的,5,来自京东iPhone客户端,0,0
2017-03-11 21:39:21,c***3,10205542809,银牌会员,3014239,【京东超市】吉列剃须刀锋隐致护手动刮胡刀套装（1刀架1刀头+4刀头）京东特供装,不错比较划算，常用品，备一些,5,来自京东iPhone客户端,1,0
2017-03-23 06:57:29,z***h,10241197615,PLUS会员,3014239,【京东超市】吉列剃须刀锋隐致护手动刮胡刀套装（1刀架1刀头+4刀头）京东特供装,很好，物流太快了，是正品！,5,来自京东iPhone客户端,0,0
2017-04-12 12:09:47,智***低,10304270873,金牌会员,3014239,【京东超市】吉列剃须刀锋隐致护手动刮胡刀套装（1刀架1刀头+4刀头）京东特供装,好用，挺顺滑的。很好。,5,来自京东Android客户端,0,0
2017-02-26 15:29:07,j***f,10165617179,银牌会员,3014239,【京东超市】吉列剃须刀锋隐致护手动刮胡刀套装（1刀架1刀头+4刀头）京东特供装,刮胡刀还不错。没有照片那么好看。就是本产品包装。不过无大碍。刮胡刀很好就不贴图片的。把不体现出来。虽然买的不是包装，但包装也是诚意的一部分。,5,来自京东Android客户端,0,0
2017-05-06 10:05:27,1***p,10379812402,铜牌会员,3014239,【京东超市】吉列剃须刀锋隐致护手动刮胡刀套装（1刀架1刀头+4刀头）京东特供装,包装精美 快递小哥很给力 此外最重要一点品牌既是实力，买东西光看评论不如亲身体验。个人觉得吉利一如既往 京东超值给力。,5,来自京东iPhone客户端,0,0
2017-04-06 19:35:10,罗***1,10285085985,银牌会员,3014239,【京东超市】吉列剃须刀锋隐致护手动刮胡刀套装（1刀架1刀头+4刀头）京东特供装,我觉得不错呀 实体店现在没货 这个是最新款 让我点五颗星的原因是 锋隐系列的刀头可以通用锋隐系列的刀柄,5,来自京东Android客户端,1,0
2017-05-09 22:26:24,锦***乖,10395512940,钻石会员,3014239,【京东超市】吉列剃须刀锋隐致护手动刮胡刀套装（1刀架1刀头+4刀头）京东特供装,送老公的生日礼物，老公很喜欢，就是在挑选的时候，看得不是很懂，系列太多了，京东物流超给力，支持京东自营～,5,来自京东Android客户端,0,0
2017-05-11 11:12:27,j***9,10397422471,金牌会员,3014239,【京东超市】吉列剃须刀锋隐致护手动刮胡刀套装（1刀架1刀头+4刀头）京东特供装,收到包装就这样了，一直都在支持京东自营的东西，也从来没有出现过这样的情况。我只想问京东到底怎么了。,5,来自京东Android客户端,0,0
2017-03-27 11:36:19,j***a,10263855098,PLUS会员,3014239,【京东超市】吉列剃须刀锋隐致护手动刮胡刀套装（1刀架1刀头+4刀头）京东特供装,用起来很舒服，特别是润滑条，需要把胡子打湿一些再开始刮就稍微好一些，比之前用的风影要好一些，快递也很快，总体来说不错。,5,来自京东iPhone客户端,0,0
2017-04-13 23:12:26,j***l,10311365340,银牌会员,3014239,【京东超市】吉列剃须刀锋隐致护手动刮胡刀套装（1刀架1刀头+4刀头）京东特供装,包装完好，晚上下单第二天就到了，关键是用起来比以前的舒服，一刮就好，很喜欢。,5,来自京东Android客户端,0,0
2017-03-25 13:00:56,向***开,10247548139,PLUS会员,3014239,【京东超市】吉列剃须刀锋隐致护手动刮胡刀套装（1刀架1刀头+4刀头）京东特供装,快递小哥辛苦了 这么晚还送货 纠结了好久 PLUS* 今天秒了个 价格还是不错,5,来自京东iPhone客户端,0,0
2017-05-11 07:03:14,蒙***y,10395126193,PLUS会员,3014239,【京东超市】吉列剃须刀锋隐致护手动刮胡刀套装（1刀架1刀头+4刀头）京东特供装,剃须还行，还有四刀头，颜色不错，希望耐用,5,来自京东Android客户端,0,0
2017-04-17 08:33:31,j***l,10316927749,钻石会员,3014239,【京东超市】吉列剃须刀锋隐致护手动刮胡刀套装（1刀架1刀头+4刀头）京东特供装,虽然不知道这个头设计是干嘛的，但是整体还不错,5,来自京东iPhone客户端,0,0
2017-04-30 10:11:31,徐***风,10359078716,银牌会员,3014239,【京东超市】吉列剃须刀锋隐致护手动刮胡刀套装（1刀架1刀头+4刀头）京东特供装,包装未破损，完美，使用一段时间后来追评,5,来自京东iPhone客户端,0,0
2017-04-29 15:43:56,冰翯,10373279082,PLUS会员,3014239,【京东超市】吉列剃须刀锋隐致护手动刮胡刀套装（1刀架1刀头+4刀头）京东特供装,手动就是好 干净,5,来自京东Android客户端,0,0
2017-04-28 22:13:45,jd_135361snj强,10355238058,金牌会员,3014239,【京东超市】吉列剃须刀锋隐致护手动刮胡刀套装（1刀架1刀头+4刀头）京东特供装,这个好用，非常好用下次再买。,5,来自京东Android客户端,0,0
2017-04-10 20:34:20,今***央,10298748370,金牌会员,3014239,【京东超市】吉列剃须刀锋隐致护手动刮胡刀套装（1刀架1刀头+4刀头）京东特供装,不多，就是我不太会用。。。,5,来自京东Android客户端,0,0
2017-03-29 21:58:04,M***授,10283268924,金牌会员,3014239,【京东超市】吉列剃须刀锋隐致护手动刮胡刀套装（1刀架1刀头+4刀头）京东特供装,速度：快的不用说！这是京东！质量也不用说，京东有保证。以前一直用电动的，第一次用手动，比电动的安逸，是男人就上京东买吉利！,5,来自京东iPhone客户端,0,1
2017-04-04 13:08:53,飞***天,10287475037,PLUS会员,3014239,【京东超市】吉列剃须刀锋隐致护手动刮胡刀套装（1刀架1刀头+4刀头）京东特供装,还是手动的刮的干净。东西没问题，正品，京东快递是真快！好评！,5,来自京东Android客户端,1,0
2017-02-22 10:34:22,知***_,10372387155,PLUS会员,3014239,【京东超市】吉列剃须刀锋隐致护手动刮胡刀套装（1刀架1刀头+4刀头）京东特供装,东西很不错，剃须感受也很好，刀片很顺滑，刀架握感和质感重量都没问题，就是感觉没有我以前的吉列锋隐剃得干净。不知道是心理作用第一次用还是怎么滴，以后再追评使用感受吧！！！,5,,0,0
2017-03-17 16:12:41,l***6,10223719899,PLUS会员,3014239,【京东超市】吉列剃须刀锋隐致护手动刮胡刀套装（1刀架1刀头+4刀头）京东特供装,京东嘛，一如既往的快，第二天就到，还没有用，应该不错，会员有小优惠，还不错，比其他电商便宜很多,5,来自京东iPhone客户端,1,0
2017-04-09 20:51:40,j***5,10313515736,银牌会员,3014239,【京东超市】吉列剃须刀锋隐致护手动刮胡刀套装（1刀架1刀头+4刀头）京东特供装,质量很不错，使用起来很方便，快递也很快，服务态度还算不错，确实是不错的购物体验，京东购物，确实不错，加油哦*,5,来自京东iPhone客户端,1,0
2017-03-23 16:10:52,航***哥,10324527926,金牌会员,3014239,【京东超市】吉列剃须刀锋隐致护手动刮胡刀套装（1刀架1刀头+4刀头）京东特供装,还可以，一直在用这个品牌，活动实惠。,5,来自京东Android客户端,0,0
2017-03-26 00:21:07,丶***中,10266486350,PLUS会员,3014239,【京东超市】吉列剃须刀锋隐致护手动刮胡刀套装（1刀架1刀头+4刀头）京东特供装,用着很舒服。不过设计还是太过老旧了。,5,来自京东iPhone客户端,0,0
2017-04-06 11:21:10,v***a,10383966262,PLUS会员,3014239,【京东超市】吉列剃须刀锋隐致护手动刮胡刀套装（1刀架1刀头+4刀头）京东特供装,非常贵呀，不过确实好用，不用担心划到嘴角了，灵活性大，转动柔软舒服，非电动剃须刀用的最贵最满意的一个了,5,来自京东Android客户端,0,0
2017-02-23 11:28:23,j***w,10375313712,PLUS会员,3014239,【京东超市】吉列剃须刀锋隐致护手动刮胡刀套装（1刀架1刀头+4刀头）京东特供装,很好用，一直用这个品牌，很放心！,5,来自京东iPhone客户端,0,0
2017-04-24 01:06:43,s***1,10396840184,PLUS会员,3014239,【京东超市】吉列剃须刀锋隐致护手动刮胡刀套装（1刀架1刀头+4刀头）京东特供装,一直用这个牌子。每次升级都买。,5,来自京东Android客户端,0,0
2017-04-22 10:43:43,奋***1,10382767319,PLUS会员,3014239,【京东超市】吉列剃须刀锋隐致护手动刮胡刀套装（1刀架1刀头+4刀头）京东特供装,这款剃须刀很耐用，刮胡很舒适。,5,来自京东Android客户端,0,0
2017-04-02 13:43:34,j***0,10282137111,金牌会员,3014239,【京东超市】吉列剃须刀锋隐致护手动刮胡刀套装（1刀架1刀头+4刀头）京东特供装,锋隐致护比老款锋隐好用！转动球设计非常实用！个人挺喜欢！,5,来自京东Android客户端,0,0
2017-04-10 21:08:20,j***v,10301619231,PLUS会员,3014239,【京东超市】吉列剃须刀锋隐致护手动刮胡刀套装（1刀架1刀头+4刀头）京东特供装,第二次购买了，真的很好用，这是在外地调货来的，用了三天时，,5,来自京东iPhone客户端,0,0
2017-03-14 16:52:28,音***酒,10215008119,PLUS会员,3014239,【京东超市】吉列剃须刀锋隐致护手动刮胡刀套装（1刀架1刀头+4刀头）京东特供装,昨天订的，今天中午就到了，马上用了，太好了。京东，真的让人信任,5,来自京东Android客户端,0,0
2017-04-13 22:19:40,消***者,10350833302,PLUS会员,3014239,【京东超市】吉列剃须刀锋隐致护手动刮胡刀套装（1刀架1刀头+4刀头）京东特供装,东西还可以，就是价格牛逼得很,5,来自京东Android客户端,0,0
2017-05-07 08:27:54,j***6,10391947605,金牌会员,3014239,【京东超市】吉列剃须刀锋隐致护手动刮胡刀套装（1刀架1刀头+4刀头）京东特供装,很锋利，剃须也很轻，没有一丝痛意，可谓神器啊！,5,来自京东Android客户端,0,0
2017-03-09 20:13:23,霖霖妈521,10228319142,钻石会员,3014239,【京东超市】吉列剃须刀锋隐致护手动刮胡刀套装（1刀架1刀头+4刀头）京东特供装,之前买的不好用，好比一次性的，这次买了个贵点的，果然好了些,5,来自京东iPad客户端,0,0
2017-03-08 02:02:59,j***超,10305630871,企业会员,3014239,【京东超市】吉列剃须刀锋隐致护手动刮胡刀套装（1刀架1刀头+4刀头）京东特供装,以前从来不去评论，我知道浪费了多少京东的，自从知道评论之后京东豆可以抵现金了。才知道评论的重要性，京豆的价值，后来我买什么东西都要评论。走到哪里中评论道哪里。既能够转京豆，还非常省事。特别是不用认真去评论，有健康又快乐还能赚京豆。哈哈哈,5,,0,0
2017-04-24 13:01:10,园***2,10347973431,金牌会员,1349161,【京东超市】吉列剃须刀锋隐致护手动刮胡刀套装（1刀架1刀头+4刀头）京东特供装,速度很快。送的很准时。帮同事买的，还没有用。,5,来自京东iPhone客户端,0,0
2017-05-07 11:49:31,z***5,10392062020,银牌会员,3014239,【京东超市】吉列剃须刀锋隐致护手动刮胡刀套装（1刀架1刀头+4刀头）京东特供装,这个套装太合适了，准备在给老爸买一套！,5,来自京东Android客户端,0,0
2017-04-24 14:22:17,j***c,10344565043,PLUS会员[试用],3014239,【京东超市】吉列剃须刀锋隐致护手动刮胡刀套装（1刀架1刀头+4刀头）京东特供装,很有质感，过两天再试试，很舒服，物流也很给力,5,来自京东Android客户端,0,0
2017-04-24 01:58:32,g***n,10373146919,金牌会员,3014239,【京东超市】吉列剃须刀锋隐致护手动刮胡刀套装（1刀架1刀头+4刀头）京东特供装,啦咯啦咯啦咯KKK5就咯啦咯啦KKK5就咯啦咯啦KKK5就咯啦咯啦KKK5就咯啦咯啦KKK5就咯啦咯啦KKK5就咯啦咯啦KKK5就咯啦咯啦KKK5就咯啦咯啦KKK5就咯啦咯啦,5,来自京东Android客户端,0,0
2017-02-05 11:16:27,r***5,10145473402,PLUS会员,3014239,【京东超市】吉列剃须刀锋隐致护手动刮胡刀套装（1刀架1刀头+4刀头）京东特供装,很不错，刮得干净，也很润滑！,5,来自京东Android客户端,0,0
2017-03-09 20:00:34,伟***钧,10209627515,PLUS会员,3014239,【京东超市】吉列剃须刀锋隐致护手动刮胡刀套装（1刀架1刀头+4刀头）京东特供装,挺好的，挺不错的，很棒的,5,来自京东iPhone客户端,0,0
2017-02-22 23:59:49,我***旧,10202412696,PLUS会员,3014239,【京东超市】吉列剃须刀锋隐致护手动刮胡刀套装（1刀架1刀头+4刀头）京东特供装,挺好用的这玩意，5刀片的,5,来自京东iPhone客户端,0,0
2017-02-08 12:55:29,j***i,10289909181,金牌会员,3014239,【京东超市】吉列剃须刀锋隐致护手动刮胡刀套装（1刀架1刀头+4刀头）京东特供装,老婆说比外面买的好，这回买的值，等用完了还买,5,来自京东Android客户端,0,0
2017-04-19 20:07:55,心***0,10334542900,钻石会员,3014239,【京东超市】吉列剃须刀锋隐致护手动刮胡刀套装（1刀架1刀头+4刀头）京东特供装,正品 京东物流快捷 质量可靠 老公说好用,5,来自京东iPhone客户端,0,0
2017-04-02 19:59:38,土***a,10278603059,金牌会员,3014239,【京东超市】吉列剃须刀锋隐致护手动刮胡刀套装（1刀架1刀头+4刀头）京东特供装,手感不错 有点小贵  不知道用起来怎么样！,5,来自京东iPhone客户端,0,0
2017-03-19 18:34:36,高***涵,10234675095,银牌会员,3014239,【京东超市】吉列剃须刀锋隐致护手动刮胡刀套装（1刀架1刀头+4刀头）京东特供装,京东就是快，都养成依赖了,5,来自京东Android客户端,0,0
2017-04-20 10:07:17,h***i,10331465285,金牌会员,3014239,【京东超市】吉列剃须刀锋隐致护手动刮胡刀套装（1刀架1刀头+4刀头）京东特供装,真的，还快！京东给力,5,来自京东iPhone客户端,0,0
2017-04-07 10:29:28,小***子,10286721136,PLUS会员,3014239,【京东超市】吉列剃须刀锋隐致护手动刮胡刀套装（1刀架1刀头+4刀头）京东特供装,很好的东西吃饭了吧，,5,来自京东Android客户端,0,0
2017-04-06 07:53:18,j***3,10282583756,金牌会员,3014239,【京东超市】吉列剃须刀锋隐致护手动刮胡刀套装（1刀架1刀头+4刀头）京东特供装,剃须刀不错，很好用。,5,来自京东Android客户端,0,0
2017-04-14 09:43:39,jd_335065918,10320046040,银牌会员,3014239,【京东超市】吉列剃须刀锋隐致护手动刮胡刀套装（1刀架1刀头+4刀头）京东特供装,还可以，一直用这个，剃须干净，刀片锋利，对于胡须不是很多的人一个刀片能用三个月以上，手动剃须完全爽过电动剃须刀（可能我没用过好的电动刀吧）。总之给好评！,5,,0,0
2017-03-07 10:01:09,m***p,10199106280,钻石会员,2552446,【京东超市】吉列剃须刀锋隐致护手动刮胡刀套装（1刀架1刀头+4刀头）京东特供装,包装完好，快递速度可以。金属手柄，刀头也很锋利，用着感觉很顺畅。买一送一价格实惠，一直都是用吉列剃须效果很好。,5,,1,2
2017-05-03 11:09:13,j***e,10369601963,银牌会员,3014239,【京东超市】吉列剃须刀锋隐致护手动刮胡刀套装（1刀架1刀头+4刀头）京东特供装,好用。。。。。。。。。,5,来自京东Android客户端,0,0
2017-03-09 17:05:56,疯***师,10209010656,钻石会员,2552207,【京东超市】吉列剃须刀锋隐致护手动刮胡刀套装（1刀架1刀头+4刀头）京东特供装,还没用，吞的货，感觉手动就是比电动的好用。坚持手动。,5,来自京东Android客户端,1,0
2017-05-05 13:28:12,j***7,10376856505,PLUS会员,3014239,【京东超市】吉列剃须刀锋隐致护手动刮胡刀套装（1刀架1刀头+4刀头）京东特供装,发货速度真快，早上拿到刚好用上了，锋利，用起来感觉不错，虽然价格不便宜，点个赞,5,来自京东iPhone客户端,0,0
2017-03-18 10:46:43,章***困,10225394438,金牌会员,3014239,【京东超市】吉列剃须刀锋隐致护手动刮胡刀套装（1刀架1刀头+4刀头）京东特供装,以前用飞利浦电动的，但觉得剃不太干净。尝试一下，手动的。京东特有的包装，很高端、大气、上档次。感觉价格也很划算&hellip;&hellip;,5,来自京东iPhone客户端,0,0
2017-04-06 12:38:43,黎***贝,10288355619,铜牌会员,3014239,【京东超市】吉列剃须刀锋隐致护手动刮胡刀套装（1刀架1刀头+4刀头）京东特供装,手感很好，刮得很干净，也不涩，比以前用的峰速3好太多了，唯一不好的是吉列的价格太混乱了,5,来自京东Android客户端,0,0
2017-05-07 10:51:26,爱***淼,10381516224,钻石会员,3014239,【京东超市】吉列剃须刀锋隐致护手动刮胡刀套装（1刀架1刀头+4刀头）京东特供装,一直在用锋隐，高效快捷，早上刚刮完胡子还没长出来已经迫不及待想试一下了！,5,来自京东Android客户端,0,0
2017-03-30 22:51:21,1***U,10276510902,金牌会员,3014239,【京东超市】吉列剃须刀锋隐致护手动刮胡刀套装（1刀架1刀头+4刀头）京东特供装,挺好，京东快递就是又快又好，之前用的吉列隐锋致顺挺好的，出差丢了，这回换个致护，应该也不错！,5,来自京东Android客户端,0,0
2017-05-07 19:44:55,j***o,10395000065,金牌会员,3014239,【京东超市】吉列剃须刀锋隐致护手动刮胡刀套装（1刀架1刀头+4刀头）京东特供装,确实快，晚上19点下单，早上9点到手，昨晚洗澡用了下，不错，刮得很干净,5,来自京东iPhone客户端,0,0
2017-03-22 20:58:43,破***云,10247420378,PLUS会员,3014239,【京东超市】吉列剃须刀锋隐致护手动刮胡刀套装（1刀架1刀头+4刀头）京东特供装,收到货，发现包装盒子给压变形了，辛好里面的东西没压坏。好不好用等以后用过。再追评,5,来自京东Android客户端,0,0
2017-02-13 20:30:20,m***p,10320964794,钻石会员,2552207,【京东超市】吉列剃须刀锋隐致护手动刮胡刀套装（1刀架1刀头+4刀头）京东特供装,吉列手动剃须刀锋隐致护冰酷刮胡刀片很好用，剃须效果好，价格实惠比超市便宜。,5,,0,0
2017-04-10 10:46:07,织***2,10385447817,PLUS会员,3014239,【京东超市】吉列剃须刀锋隐致护手动刮胡刀套装（1刀架1刀头+4刀头）京东特供装,老公说很好用，不用泡沫也很滑，皮肤舒适刮的干净,5,来自京东iPhone客户端,0,0
2017-04-29 21:22:12,乖乖QAQ,10357835025,铜牌会员,3014239,【京东超市】吉列剃须刀锋隐致护手动刮胡刀套装（1刀架1刀头+4刀头）京东特供装,晚上9点多买的，第二天早上9点多就到了，真地很快，师傅态度也很好。,5,来自京东Android客户端,0,0
2017-02-17 12:43:58,小***儿,10369605053,银牌会员,3014239,【京东超市】吉列剃须刀锋隐致护手动刮胡刀套装（1刀架1刀头+4刀头）京东特供装,防划伤条   一点都不好     一点都不好！没有上一代得耐用！,5,来自京东iPhone客户端,0,0
2017-04-24 23:21:27,x***x,10376156007,PLUS会员,3014239,【京东超市】吉列剃须刀锋隐致护手动刮胡刀套装（1刀架1刀头+4刀头）京东特供装,包装不错，吉利标准产品，质量信得过。,5,来自京东Android客户端,0,0
2017-04-09 23:10:49,x***7,10316950654,PLUS会员,3014239,【京东超市】吉列剃须刀锋隐致护手动刮胡刀套装（1刀架1刀头+4刀头）京东特供装,东西不错，棒棒的购物体验，下回还回来,5,来自京东Android客户端,0,0
2017-05-02 20:53:38,小***8,10367659047,钻石会员,3014239,【京东超市】吉列剃须刀锋隐致护手动刮胡刀套装（1刀架1刀头+4刀头）京东特供装,很好用，一直买这个牌子，剃须很舒服,5,来自京东iPhone客户端,0,0
2017-03-26 06:14:35,j***爱,10251489521,金牌会员,3014239,【京东超市】吉列剃须刀锋隐致护手动刮胡刀套装（1刀架1刀头+4刀头）京东特供装,剃须刀比电动的刮的干净，总体来说还好。,5,来自京东iPhone客户端,0,0
2017-04-24 21:01:56,d***t,10348633349,钻石会员,3014239,【京东超市】吉列剃须刀锋隐致护手动刮胡刀套装（1刀架1刀头+4刀头）京东特供装,不错，挺好用。不知道刀片是否耐用。,5,来自京东Android客户端,0,0
2016-12-13 03:06:39,骄***_,2123532761,金牌会员,3014239,【京东超市】吉列剃须刀锋隐致护手动刮胡刀套装（1刀架1刀头+4刀头）京东特供装,剃须效果没有想象的那么好，拉扯感严重。和锋速3体感上没很大差别。,5,来自京东Android客户端,0,0
2017-04-03 10:53:45,司***哥,10284623193,金牌会员,3014239,【京东超市】吉列剃须刀锋隐致护手动刮胡刀套装（1刀架1刀头+4刀头）京东特供装,还没用感觉不错，用后追加评价。主要说说快递，现在送快递都不到小区门口了，说是什么京东给的钱少了，到门口划不来。请京东的领导能重视服务！不要被这些混日子的快递影响了京东的发展！,5,来自京东iPhone客户端,1,0
2017-03-12 12:25:50,j***0,10213223274,钻石会员,3014239,【京东超市】吉列剃须刀锋隐致护手动刮胡刀套装（1刀架1刀头+4刀头）京东特供装,送人的，不知好坏，不过家里都用这个牌子,5,来自京东iPhone客户端,0,0
2017-05-06 20:39:11,心***P,10386995721,金牌会员,3014239,【京东超市】吉列剃须刀锋隐致护手动刮胡刀套装（1刀架1刀头+4刀头）京东特供装,快，好用，舒服，干净，相信吉利,5,来自京东Android客户端,0,0
2017-03-19 23:50:38,j***华,10231061266,PLUS会员,3014239,【京东超市】吉列剃须刀锋隐致护手动刮胡刀套装（1刀架1刀头+4刀头）京东特供装,一直用这个.刚到还没使用..用完在追加,5,来自京东iPhone客户端,0,0
2017-05-01 10:51:20,y***i,10366953038,金牌会员,3014239,【京东超市】吉列剃须刀锋隐致护手动刮胡刀套装（1刀架1刀头+4刀头）京东特供装,效果很好值得购买比电动刮的干净,5,来自京东iPhone客户端,0,0
2017-05-14 14:14:18,小***啦,10406204003,铜牌会员,3014239,【京东超市】吉列剃须刀锋隐致护手动刮胡刀套装（1刀架1刀头+4刀头）京东特供装,感觉很好，剃须很干净。刀片很快，送货也很快。,5,,0,0
2017-03-14 13:27:55,博***代,10316302242,金牌会员,3014239,【京东超市】吉列剃须刀锋隐致护手动刮胡刀套装（1刀架1刀头+4刀头）京东特供装,东西是正品  剃须效果挺不错,5,来自京东Android客户端,0,0
2017-04-14 18:18:41,R***a,10309876191,金牌会员,3014239,【京东超市】吉列剃须刀锋隐致护手动刮胡刀套装（1刀架1刀头+4刀头）京东特供装,冲着大黄蜂的样子买的，还不错,5,来自京东iPhone客户端,0,0
2017-05-07 07:21:50,j***1,10380939420,钻石会员,3014239,【京东超市】吉列剃须刀锋隐致护手动刮胡刀套装（1刀架1刀头+4刀头）京东特供装,送货超准时！质量是真好！,5,来自京东Android客户端,0,0
2017-02-23 16:27:10,T***乀,10292711010,金牌会员,3014239,【京东超市】吉列剃须刀锋隐致护手动刮胡刀套装（1刀架1刀头+4刀头）京东特供装,刮得很干净，我爸很喜欢哈哈哈,5,来自京东iPhone客户端,0,0
2017-03-11 18:38:06,s***3,10238601475,PLUS会员,3014239,【京东超市】吉列剃须刀锋隐致护手动刮胡刀套装（1刀架1刀头+4刀头）京东特供装,东西收到了，很好用，以后还要买,5,来自京东iPhone客户端,0,0
2017-03-22 23:38:09,m***5,10240648164,PLUS会员,3014239,【京东超市】吉列剃须刀锋隐致护手动刮胡刀套装（1刀架1刀头+4刀头）京东特供装,很好刮胡刀，一直在用，一直信赖,5,来自京东Android客户端,0,0
2017-03-25 14:33:41,j***b,10248208043,PLUS会员,3014239,【京东超市】吉列剃须刀锋隐致护手动刮胡刀套装（1刀架1刀头+4刀头）京东特供装,送货快，东西特好，锋利快速，干净，,5,来自京东Android客户端,0,0
2017-04-27 07:52:39,_***s,10350732869,金牌会员,3014239,【京东超市】吉列剃须刀锋隐致护手动刮胡刀套装（1刀架1刀头+4刀头）京东特供装,东西不错，快递很快当天到,5,来自京东Android客户端,0,0
2017-04-24 21:36:27,始***达,10344792915,PLUS会员,3014239,【京东超市】吉列剃须刀锋隐致护手动刮胡刀套装（1刀架1刀头+4刀头）京东特供装,第二次买了，剃须非常爽!,5,来自京东Android客户端,0,0
2017-04-27 12:30:57,M***s,10358776617,PLUS会员,3014239,【京东超市】吉列剃须刀锋隐致护手动刮胡刀套装（1刀架1刀头+4刀头）京东特供装,还不错的，我一直用这个牌子,5,来自京东Android客户端,0,0
2017-04-20 09:31:44,西***民,10347571117,PLUS会员,3014239,【京东超市】吉列剃须刀锋隐致护手动刮胡刀套装（1刀架1刀头+4刀头）京东特供装,用起来方便，胡子刮得干净。,5,来自京东Android客户端,0,0
2017-04-23 20:17:05,j***z,10383239910,金牌会员,3014239,【京东超市】吉列剃须刀锋隐致护手动刮胡刀套装（1刀架1刀头+4刀头）京东特供装,这是我买的最好用的剃须刀了，用起来真的很好。,5,来自京东Android客户端,0,0
2017-04-16 22:59:44,x***1,10318922048,铜牌会员,3014239,【京东超市】吉列剃须刀锋隐致护手动刮胡刀套装（1刀架1刀头+4刀头）京东特供装,快递给力，货已收到，正品，刮完脸感觉很好，下次还买。,5,来自京东Android客户端,0,0
2017-03-25 13:59:59,叫***哥,10269708550,PLUS会员,3014239,【京东超市】吉列剃须刀锋隐致护手动刮胡刀套装（1刀架1刀头+4刀头）京东特供装,用了几天，效果非常好，不到刮胡子，还可以刮脑袋，666,5,来自京东Android客户端,0,0
2017-03-11 15:42:43,小***圈,10206459535,PLUS会员,3014239,【京东超市】吉列剃须刀锋隐致护手动刮胡刀套装（1刀架1刀头+4刀头）京东特供装,快速到货，不耽误使用，东西很棒，包装用心结实，谢谢京东，会回购,5,来自京东iPhone客户端,0,0
2017-04-19 01:45:14,s***4,10387293465,银牌会员,3014239,【京东超市】吉列剃须刀锋隐致护手动刮胡刀套装（1刀架1刀头+4刀头）京东特供装,吉列锋速的，就不多说了，很OK的，顺滑流畅,5,来自京东iPhone客户端,0,1
2017-03-30 22:18:14,灰***斗,10267098280,PLUS会员,3014239,【京东超市】吉列剃须刀锋隐致护手动刮胡刀套装（1刀架1刀头+4刀头）京东特供装,京东物流就是牛.第二天就送到了.东西是应该是正品.,5,来自京东Android客户端,0,0
2017-03-19 22:10:36,s***n,10266672328,铜牌会员,3014239,【京东超市】吉列剃须刀锋隐致护手动刮胡刀套装（1刀架1刀头+4刀头）京东特供装,买给我老公用的，老公说很好、很舒服、很干净！赞哦&hellip;&hellip;,5,来自京东Android客户端,0,0
2017-04-24 21:27:19,K***0,10385154145,钻石会员,3014239,【京东超市】吉列剃须刀锋隐致护手动刮胡刀套装（1刀架1刀头+4刀头）京东特供装,好好OKOKOKOK好好OKOKOKOK,5,来自京东Android客户端,0,0
2017-04-15 10:08:48,1***p,10311073020,金牌会员,3014239,【京东超市】吉列剃须刀锋隐致护手动刮胡刀套装（1刀架1刀头+4刀头）京东特供装,锋利顺滑，感觉特别舒服，货真价实,5,来自京东Android客户端,0,0
2017-05-08 10:14:27,l***3,10385246040,钻石会员,3014239,【京东超市】吉列剃须刀锋隐致护手动刮胡刀套装（1刀架1刀头+4刀头）京东特供装,不碍事，就是看着不爽！！！！,5,来自京东Android客户端,0,0
2017-05-07 13:29:39,j***v,10384992426,铜牌会员,3014239,【京东超市】吉列剃须刀锋隐致护手动刮胡刀套装（1刀架1刀头+4刀头）京东特供装,物超所值。拿到手上手感好，剃须不痛还刮得干净，再也不用一根根地拔毛了。这么一套至少要用一年多，算来经济实惠。,5,,0,0
2017-04-02 22:01:48,1***m,10296090740,PLUS会员,3014239,【京东超市】吉列剃须刀锋隐致护手动刮胡刀套装（1刀架1刀头+4刀头）京东特供装,质量还是不错的，和描述的完全一致,5,来自京东iPhone客户端,0,0
2017-04-12 14:43:50,购***Z,10353052374,金牌会员,3014239,【京东超市】吉列剃须刀锋隐致护手动刮胡刀套装（1刀架1刀头+4刀头）京东特供装,"东西不错包装完整,我就奇怪了写包装都烂的运气得多差",5,,0,0
2017-04-03 19:41:30,爱***鱼,10287011877,PLUS会员,3014239,【京东超市】吉列剃须刀锋隐致护手动刮胡刀套装（1刀架1刀头+4刀头）京东特供装,帮同事购买的，他很满意，必须好评,5,来自京东Android客户端,0,0
2017-04-08 09:33:05,苏***糯,10289030931,PLUS会员,3014239,【京东超市】吉列剃须刀锋隐致护手动刮胡刀套装（1刀架1刀头+4刀头）京东特供装,很好用！一直用吉列，也比较划算。,5,来自京东iPhone客户端,0,0
2017-04-12 16:21:00,宇***1,10357823148,PLUS会员,3014239,【京东超市】吉列剃须刀锋隐致护手动刮胡刀套装（1刀架1刀头+4刀头）京东特供装,超级锋利，很好用，省时间，方便,5,,0,0
2017-02-11 20:31:32,陈***C,10123593001,PLUS会员,3014239,【京东超市】吉列剃须刀锋隐致护手动刮胡刀套装（1刀架1刀头+4刀头）京东特供装,感觉还不错，比较高档，喜欢剃须刀的感觉,5,来自京东Android客户端,0,0
2017-02-20 20:16:06,j***b,10397155215,金牌会员,3014239,【京东超市】吉列剃须刀锋隐致护手动刮胡刀套装（1刀架1刀头+4刀头）京东特供装,好的还没用呢，，，，，，，,5,来自微信购物,0,0
2017-03-07 17:11:19,H***U,10204289987,银牌会员,3014239,【京东超市】吉列剃须刀锋隐致护手动刮胡刀套装（1刀架1刀头+4刀头）京东特供装,一如既往的好用，品质杆杆的。,5,来自京东Android客户端,0,0
2017-04-13 20:21:12,a***a,10376363862,金牌会员,3014239,【京东超市】吉列剃须刀锋隐致护手动刮胡刀套装（1刀架1刀头+4刀头）京东特供装,不错的剃须刀，好用。,5,来自京东iPhone客户端,0,0
2017-04-30 10:16:07,闹***咤,10360461509,铜牌会员,3014239,【京东超市】吉列剃须刀锋隐致护手动刮胡刀套装（1刀架1刀头+4刀头）京东特供装,一如既往，继续支持！！！！,5,来自京东Android客户端,0,0
2017-05-02 21:41:55,w***6,10372307866,钻石会员,3014239,【京东超市】吉列剃须刀锋隐致护手动刮胡刀套装（1刀架1刀头+4刀头）京东特供装,刀片很锋利给爸爸买品牌好比超市便宜剃须效果好物流速度快服务好,5,,0,0
2017-03-04 20:10:08,j***2,10223153524,钻石会员,3014239,【京东超市】吉列剃须刀锋隐致护手动刮胡刀套装（1刀架1刀头+4刀头）京东特供装,不错，国际品牌值得信懒，好,5,来自京东Android客户端,0,0
2017-04-30 23:24:07,j***7,10361782174,钻石会员,3014239,【京东超市】吉列剃须刀锋隐致护手动刮胡刀套装（1刀架1刀头+4刀头）京东特供装,物流速度超快，满意。,5,来自京东iPhone客户端,0,0
2017-04-13 12:02:54,y***j,10307328911,钻石会员,3014239,【京东超市】吉列剃须刀锋隐致护手动刮胡刀套装（1刀架1刀头+4刀头）京东特供装,手动比较干净，速度也快,5,来自京东iPhone客户端,0,0
2017-03-30 10:18:32,y***5,10317273555,金牌会员,3014239,【京东超市】吉列剃须刀锋隐致护手动刮胡刀套装（1刀架1刀头+4刀头）京东特供装,这个可以哦～。睡觉睡觉,5,来自京东iPhone客户端,0,0
2017-01-14 22:55:26,即***Y,10069668105,钻石会员,3014239,【京东超市】吉列剃须刀锋隐致护手动刮胡刀套装（1刀架1刀头+4刀头）京东特供装,吉列就是666666666665,5,来自京东iPhone客户端,0,0
2017-03-12 11:01:17,曉***e,10308338559,钻石会员,3014239,【京东超市】吉列剃须刀锋隐致护手动刮胡刀套装（1刀架1刀头+4刀头）京东特供装,很好用，很干净，很顺滑！,5,来自京东Android客户端,0,0
2017-03-20 02:50:18,远***见,10238192558,银牌会员,3014239,【京东超市】吉列剃须刀锋隐致护手动刮胡刀套装（1刀架1刀头+4刀头）京东特供装,还好 刮得干净老公说可以,5,来自京东Android客户端,0,0
2017-04-18 22:18:02,违xin,10322848012,银牌会员,3014239,【京东超市】吉列剃须刀锋隐致护手动刮胡刀套装（1刀架1刀头+4刀头）京东特供装,包装很好，看着很舒服,5,来自京东Android客户端,0,0
2017-04-26 06:01:08,v***2,10347272089,钻石会员,1349161,【京东超市】吉列剃须刀锋隐致护手动刮胡刀套装（1刀架1刀头+4刀头）京东特供装,好用好闻。支持京东。,5,来自京东Android客户端,0,0
2017-03-14 13:37:46,j***b,10217905767,铜牌会员,3014239,【京东超市】吉列剃须刀锋隐致护手动刮胡刀套装（1刀架1刀头+4刀头）京东特供装,物流超级快，第一次用手动的刮得很干净，没用泡沫挂也不是很痛，可惜的是泡沫还要单独买，建议推出捆绑套餐，免得还要单独买泡泡,5,,0,0
2017-04-15 13:27:40,j***g,10313039889,钻石会员,3014239,【京东超市】吉列剃须刀锋隐致护手动刮胡刀套装（1刀架1刀头+4刀头）京东特供装,替别人买的 没拆开看,5,来自京东Android客户端,0,0
2017-03-24 14:51:14,爱***菇,10271021456,银牌会员,3014239,【京东超市】吉列剃须刀锋隐致护手动刮胡刀套装（1刀架1刀头+4刀头）京东特供装,非常好，刮得干净比电动刮胡刀耐用，刀头也可以左右摆动。电动剃刀还得时不时的充电清理里面的胡渣，吉列剃刀拿泡沫涂至胡须除轻轻一刮温水一冲简单方便快捷。,5,来自京东iPhone客户端,0,0
2017-03-20 19:49:59,小***见,10233151825,银牌会员,3014239,【京东超市】吉列剃须刀锋隐致护手动刮胡刀套装（1刀架1刀头+4刀头）京东特供装,一直都用吉列的，不错。,5,来自京东Android客户端,0,0
2017-04-02 12:41:41,b***1,10276791220,金牌会员,3014239,【京东超市】吉列剃须刀锋隐致护手动刮胡刀套装（1刀架1刀头+4刀头）京东特供装,四个刀片划的肯定干净,5,来自京东iPhone客户端,0,0
2017-04-26 17:26:50,淩***寒,10351583017,银牌会员,3014239,【京东超市】吉列剃须刀锋隐致护手动刮胡刀套装（1刀架1刀头+4刀头）京东特供装,用的还不错   东西还可以  价格我还算公道  发货速度快,5,来自京东Android客户端,0,0
2017-03-13 16:31:57,j***c,10212229778,铜牌会员,3014239,【京东超市】吉列剃须刀锋隐致护手动刮胡刀套装（1刀架1刀头+4刀头）京东特供装,是正品，用了之后再上评,5,来自京东iPhone客户端,0,0
2017-05-07 12:32:56,z***r,10385354078,PLUS会员[试用],3014239,【京东超市】吉列剃须刀锋隐致护手动刮胡刀套装（1刀架1刀头+4刀头）京东特供装,包装完好，好用实惠,5,来自京东iPhone客户端,0,0
2017-04-16 07:45:44,j***j,10328188953,钻石会员,3014239,【京东超市】吉列剃须刀锋隐致护手动刮胡刀套装（1刀架1刀头+4刀头）京东特供装,非常好用，顺滑，把手有质感，刀片异常锋利,5,来自京东iPhone客户端,0,0
2017-04-11 23:59:18,j***楓,10308891241,金牌会员,3014239,【京东超市】吉列剃须刀锋隐致护手动刮胡刀套装（1刀架1刀头+4刀头）京东特供装,很好用，剃须顺滑不伤皮肤，五星好评！,5,来自京东iPhone客户端,0,0
2017-02-03 13:41:05,8***5,10227889101,钻石会员,3014239,【京东超市】吉列剃须刀锋隐致护手动刮胡刀套装（1刀架1刀头+4刀头）京东特供装,感觉比电动的刮的干净点，就是稍微麻烦点,5,来自京东iPhone客户端,0,1
2017-04-26 16:12:16,y***s,10355288668,钻石会员,3014239,【京东超市】吉列剃须刀锋隐致护手动刮胡刀套装（1刀架1刀头+4刀头）京东特供装,第一次用 感觉不错  刀片很薄~贴面~,5,来自京东Android客户端,0,0
2017-03-07 20:35:55,m***0,10206856741,PLUS会员[试用],3014239,【京东超市】吉列剃须刀锋隐致护手动刮胡刀套装（1刀架1刀头+4刀头）京东特供装,东西很好，包装也不错，看上去是全新的。,5,来自京东iPhone客户端,0,0
2017-05-07 13:42:00,j***6,10383601928,金牌会员,3014239,【京东超市】吉列剃须刀锋隐致护手动刮胡刀套装（1刀架1刀头+4刀头）京东特供装,还冇试用，看起来比2刀头的好！,5,来自京东Android客户端,0,0
2017-05-07 19:41:02,o***t,10383714050,银牌会员,3014239,【京东超市】吉列剃须刀锋隐致护手动刮胡刀套装（1刀架1刀头+4刀头）京东特供装,物流很快，昨天订单今天就到了。,5,来自京东Android客户端,0,0
2017-04-26 12:43:38,米***号,10349539282,钻石会员,1349161,【京东超市】吉列剃须刀锋隐致护手动刮胡刀套装（1刀架1刀头+4刀头）京东特供装,不错，刮胡泡也是一直用吉列的！,5,来自京东iPhone客户端,0,0
2017-04-26 19:30:02,j***瑅,10354092249,PLUS会员[试用],3014239,【京东超市】吉列剃须刀锋隐致护手动刮胡刀套装（1刀架1刀头+4刀头）京东特供装,此款京东特供，全宇宙性价比最高！要知道，致护系列一个刀片零售价就卖50，不算刀架，五个刀片就要250。只要数学不是体育老师教的都能算明白&hellip;,5,来自京东iPhone客户端,0,0
2017-04-14 01:34:51,亻***子,10313951021,钻石会员,3014239,【京东超市】吉列剃须刀锋隐致护手动刮胡刀套装（1刀架1刀头+4刀头）京东特供装,质量挺好的，重重的，有质感,5,来自京东Android客户端,0,0
2017-03-22 22:26:59,s***n,10240162509,PLUS会员,3014239,【京东超市】吉列剃须刀锋隐致护手动刮胡刀套装（1刀架1刀头+4刀头）京东特供装,感觉不错，会推荐给别人，很好,5,来自京东iPhone客户端,0,0
2017-03-17 23:36:42,笑***子,10228869674,PLUS会员,3014239,【京东超市】吉列剃须刀锋隐致护手动刮胡刀套装（1刀架1刀头+4刀头）京东特供装,很漂亮，还没用，应该挺好的吧,5,来自京东Android客户端,0,0
2017-03-11 13:01:35,瓶***怪,10205410910,钻石会员,3014239,【京东超市】吉列剃须刀锋隐致护手动刮胡刀套装（1刀架1刀头+4刀头）京东特供装,商品本身没什么好说的。但这次购物体验是这么多年来在京东最糟糕的一次。选择的是311夜间送，一直到了312上午11点才送来。期间催单的回复是1-2天送达，不可思议,5,来自京东iPhone客户端,0,2
2017-04-30 10:03:57,w***8,10360022468,金牌会员,3014239,【京东超市】吉列剃须刀锋隐致护手动刮胡刀套装（1刀架1刀头+4刀头）京东特供装,东西真的很好 下次还买,5,来自京东iPhone客户端,0,0
2017-04-12 07:18:05,j***5,10306901645,钻石会员,3014239,【京东超市】吉列剃须刀锋隐致护手动刮胡刀套装（1刀架1刀头+4刀头）京东特供装,太赞了，刮胡子非常的好用,5,来自京东iPhone客户端,0,0
2017-04-15 12:18:14,d***l,10312986853,银牌会员,3014239,【京东超市】吉列剃须刀锋隐致护手动刮胡刀套装（1刀架1刀头+4刀头）京东特供装,还没用，样子挺好，望好用,5,来自京东Android客户端,0,0
2017-03-31 10:02:16,桃***9,10388967848,金牌会员,3014239,【京东超市】吉列剃须刀锋隐致护手动刮胡刀套装（1刀架1刀头+4刀头）京东特供装,一直用此牌，非常棒。,5,来自京东Android客户端,0,0
2017-04-24 22:33:27,j***4,10342414719,银牌会员,3014239,【京东超市】吉列剃须刀锋隐致护手动刮胡刀套装（1刀架1刀头+4刀头）京东特供装,还没有用，希望会很好！,5,来自京东Android客户端,0,0
2017-05-07 22:13:31,对***你,10384059002,铜牌会员,3014239,【京东超市】吉列剃须刀锋隐致护手动刮胡刀套装（1刀架1刀头+4刀头）京东特供装,第一次买不知道好用不&hellip;,5,来自京东iPhone客户端,0,0
2017-04-02 05:52:48,j***0,10274189225,PLUS会员,3014239,【京东超市】吉列剃须刀锋隐致护手动刮胡刀套装（1刀架1刀头+4刀头）京东特供装,试用了一下，舒服，换代升级产品，值得购买！,5,来自京东Android客户端,0,0
2017-03-18 19:09:41,j***n,10226968247,铜牌会员,3014239,【京东超市】吉列剃须刀锋隐致护手动刮胡刀套装（1刀架1刀头+4刀头）京东特供装,不错不错 看着高大上 快递12小时到手 牛逼,5,来自京东Android客户端,0,0
2017-04-02 08:19:53,f***g,10273446088,PLUS会员[试用],3014239,【京东超市】吉列剃须刀锋隐致护手动刮胡刀套装（1刀架1刀头+4刀头）京东特供装,看到，同事买的，品质不错，所以自己买来试试,5,来自京东iPhone客户端,0,0
2017-04-02 05:23:46,j***t,10305905988,金牌会员,3014239,【京东超市】吉列剃须刀锋隐致护手动刮胡刀套装（1刀架1刀头+4刀头）京东特供装,要超过十个字才能拿到京豆，这是强硬手段,5,来自京东Android客户端,0,0
2017-03-30 21:17:34,晴***g,10264121030,钻石会员,3014239,【京东超市】吉列剃须刀锋隐致护手动刮胡刀套装（1刀架1刀头+4刀头）京东特供装,京东自营快，刚好用的上，价格比起其他优惠,5,来自京东iPhone客户端,0,0
2017-03-26 10:00:44,j***0,10257163932,钻石会员,3014239,【京东超市】吉列剃须刀锋隐致护手动刮胡刀套装（1刀架1刀头+4刀头）京东特供装,买了5次。质量怎么样就不用说了，确实可以,5,来自京东iPhone客户端,0,0
2017-05-05 14:08:07,w***9,10384662117,钻石会员,3014239,【京东超市】吉列剃须刀锋隐致护手动刮胡刀套装（1刀架1刀头+4刀头）京东特供装,一直用这个牌子就是润滑条几天就掉了,5,来自京东iPhone客户端,0,0
2017-04-02 09:25:20,y***6,10291976881,钻石会员,3014239,【京东超市】吉列剃须刀锋隐致护手动刮胡刀套装（1刀架1刀头+4刀头）京东特供装,一直用吉列，剃须效果非常好，下回还会买,5,,0,0
2017-04-03 02:52:26,钱***啊,10283708169,PLUS会员,3014239,【京东超市】吉列剃须刀锋隐致护手动刮胡刀套装（1刀架1刀头+4刀头）京东特供装,看起来很不错的样子，早上试一下，很期待，,5,来自京东Android客户端,0,0
2017-04-16 07:36:55,D***8,10316760224,PLUS会员,3014239,【京东超市】吉列剃须刀锋隐致护手动刮胡刀套装（1刀架1刀头+4刀头）京东特供装,外包装有破损，不过里面还好，不耽误用,5,来自京东Android客户端,0,0
2017-05-03 08:01:15,雨***别,10370309092,银牌会员,3014239,【京东超市】吉列剃须刀锋隐致护手动刮胡刀套装（1刀架1刀头+4刀头）京东特供装,果然不错的剃须刀，完全不用担心刮伤皮肤,5,,0,0
2017-04-21 19:45:58,v***5,10341441168,PLUS会员,3014239,【京东超市】吉列剃须刀锋隐致护手动刮胡刀套装（1刀架1刀头+4刀头）京东特供装,刀柄手感不错，很多防滑设计，刮着也比较舒服，刀片很锋利。背面精修刀片不太敢用。就是这个刀架，图中灰色那个，不是很实用，舒适送的刀架可以贴在墙上,5,来自京东iPhone客户端,0,0
2017-04-16 11:55:49,j***r,10315460837,铜牌会员,3014239,【京东超市】吉列剃须刀锋隐致护手动刮胡刀套装（1刀架1刀头+4刀头）京东特供装,一直用吉列，效果就不用说了。这次算是把锋隐升级到锋隐致护。这次买的套装唯一的不足是刀架托简陋了一些，备用的刀头都没地方放，有待改进。,5,,1,0
2017-04-10 22:49:44,l***3,10299333947,钻石会员,3014239,【京东超市】吉列剃须刀锋隐致护手动刮胡刀套装（1刀架1刀头+4刀头）京东特供装,上次买的是蓝色的，现在再买一个两个地方都放一把，上把质量很不错，用习惯了就不想换了，一如既往的好，送货还快。。五星好评。,5,来自京东iPhone客户端,0,0
2017-03-15 22:16:40,t***u,10220333677,PLUS会员,3014239,【京东超市】吉列剃须刀锋隐致护手动刮胡刀套装（1刀架1刀头+4刀头）京东特供装,真的很不错，比我以前1000多买的飞利浦电动好用，挂起来特别舒爽，建议大家一步到位，就买这款，男人也要对自己好点^_^,5,来自京东iPhone客户端,1,0
2017-04-14 07:52:41,z***7,10307811970,PLUS会员,3014239,【京东超市】吉列剃须刀锋隐致护手动刮胡刀套装（1刀架1刀头+4刀头）京东特供装,吉利的剃须刀一直在用，以前用的很老的型号，用快5年了，刚好看有活动就买最新款，用了一下感觉不错，以后再回来反馈更多心得。,5,来自京东Android客户端,0,0
2017-04-02 00:08:38,i***h,10275984941,PLUS会员,3014239,【京东超市】吉列剃须刀锋隐致护手动刮胡刀套装（1刀架1刀头+4刀头）京东特供装,五刀片果然比三刀片好用 套装价格和沃尔玛单刀头刀架差不多 还多几个刀片,5,来自微信购物,1,0
2017-05-01 13:25:17,小***t,10370383323,钻石会员,3014239,【京东超市】吉列剃须刀锋隐致护手动刮胡刀套装（1刀架1刀头+4刀头）京东特供装,东西很好，一直在用这个牌子。,5,来自微信购物,0,0
2017-05-01 01:31:40,x***Z,10384396520,PLUS会员[试用],3014239,【京东超市】吉列剃须刀锋隐致护手动刮胡刀套装（1刀架1刀头+4刀头）京东特供装,还没用过。就是背面的非单卖品很尴尬，一不小心就看成非卖品。,5,来自京东Android客户端,0,0
2017-04-02 00:15:47,n***s,10396272886,PLUS会员,3014239,【京东超市】吉列剃须刀锋隐致护手动刮胡刀套装（1刀架1刀头+4刀头）京东特供装,京东自营的东西一直都很棒！特别值得推荐！京东物流特别快！,5,来自京东iPhone客户端,0,0
2017-03-19 20:08:55,s***0,10394813340,钻石会员,3014239,【京东超市】吉列剃须刀锋隐致护手动刮胡刀套装（1刀架1刀头+4刀头）京东特供装,一直用吉利刮胡刀，剃须干净刀片锋利，比超市便宜,5,,0,0
2017-03-22 22:34:55,j***号,10239590661,银牌会员,3014239,【京东超市】吉列剃须刀锋隐致护手动刮胡刀套装（1刀架1刀头+4刀头）京东特供装,刚收到货！看起来还不错！用后再评！,5,来自京东Android客户端,0,0
2017-05-01 08:40:28,人***后,10367587504,铜牌会员,3014239,【京东超市】吉列剃须刀锋隐致护手动刮胡刀套装（1刀架1刀头+4刀头）京东特供装,速度一流。希望质量也一流。,5,来自京东Android客户端,0,0
2017-04-11 00:30:33,x***l,10301143959,金牌会员,3014239,【京东超市】吉列剃须刀锋隐致护手动刮胡刀套装（1刀架1刀头+4刀头）京东特供装,东西不错，价格不贵，送货及时,5,来自京东iPhone客户端,0,0
2017-04-26 12:43:38,米***号,10349528207,钻石会员,3014239,【京东超市】吉列剃须刀锋隐致护手动刮胡刀套装（1刀架1刀头+4刀头）京东特供装,无吉列不剃须，确实好用！,5,来自京东iPhone客户端,0,0
2017-04-24 04:59:00,园***喵,10342704643,钻石会员,3014239,【京东超市】吉列剃须刀锋隐致护手动刮胡刀套装（1刀架1刀头+4刀头）京东特供装,一直用吉列&hellip;这次再升级一下,5,来自京东Android客户端,0,0
2017-05-10 20:41:26,j***c,10394037658,银牌会员,3014239,【京东超市】吉列剃须刀锋隐致护手动刮胡刀套装（1刀架1刀头+4刀头）京东特供装,值得信赖000000,5,来自京东Android客户端,0,0
2017-04-06 11:38:21,d***3,10284827226,PLUS会员,3014239,【京东超市】吉列剃须刀锋隐致护手动刮胡刀套装（1刀架1刀头+4刀头）京东特供装,很快就收到了，看着不错。,5,来自京东Android客户端,0,0
2017-04-23 15:10:13,j***b,10370009266,铜牌会员,3014239,【京东超市】吉列剃须刀锋隐致护手动刮胡刀套装（1刀架1刀头+4刀头）京东特供装,很好，相信京东,5,来自京东Android客户端,0,0
2017-04-29 15:54:49,小***宇,10357907862,PLUS会员,3014239,【京东超市】吉列剃须刀锋隐致护手动刮胡刀套装（1刀架1刀头+4刀头）京东特供装,一直用这个牌子的,5,来自京东Android客户端,0,0
2017-05-07 13:52:20,水***澜,10385586850,PLUS会员,3014239,【京东超市】吉列剃须刀锋隐致护手动刮胡刀套装（1刀架1刀头+4刀头）京东特供装,一直在用吉列的剃须刀，升级一下，买个好点的,5,来自京东Android客户端,0,0
2017-05-03 17:07:43,就***乐,10372131804,PLUS会员,3014239,【京东超市】吉列剃须刀锋隐致护手动刮胡刀套装（1刀架1刀头+4刀头）京东特供装,吉列剃须刀质量性能都是优秀的，剃须干净不上皮肤，套装蛮合适！,5,,0,0
2017-03-25 20:10:33,p***k,10260000538,PLUS会员,3014239,【京东超市】吉列剃须刀锋隐致护手动刮胡刀套装（1刀架1刀头+4刀头）京东特供装,这款吉列的剃须刀没有用过！这回正好老的快不行了，买这京东专款试试！,5,来自京东iPhone客户端,0,0
2017-03-22 22:32:03,哈***飖,10350697759,钻石会员,3014239,【京东超市】吉列剃须刀锋隐致护手动刮胡刀套装（1刀架1刀头+4刀头）京东特供装,真的特别快，我还是用的肥皂沫，一滑就刮干净了，物超所值！好评！,5,来自京东iPhone客户端,0,0
2017-03-28 23:58:40,庄里未央,10262210263,金牌会员,3014239,【京东超市】吉列剃须刀锋隐致护手动刮胡刀套装（1刀架1刀头+4刀头）京东特供装,刚到，还没有用，物流速度快，给五星吧，买了就降价了*，京东自营的没有赠品，东西感觉是正品，用了再追加,5,来自京东Android客户端,0,0
2017-02-13 10:08:25,j***1,10135552905,金牌会员,3014239,【京东超市】吉列剃须刀锋隐致护手动刮胡刀套装（1刀架1刀头+4刀头）京东特供装,用的感觉还不错吧，这个是给老爸买的，还没有使用。等使用完了再来追加吧,5,来自京东iPhone客户端,0,0
2017-05-03 09:38:22,张***8,10371582326,钻石会员,3014239,【京东超市】吉列剃须刀锋隐致护手动刮胡刀套装（1刀架1刀头+4刀头）京东特供装,原来就是用的这个系列的剃须刀好用，时间长了再换一套新的。,5,来自京东iPhone客户端,0,0
2017-04-20 11:56:21,f***s,10329402516,金牌会员,3014239,【京东超市】吉列剃须刀锋隐致护手动刮胡刀套装（1刀架1刀头+4刀头）京东特供装,这个套装的刀架是那个*的那款，不是**的这款，超值！,5,来自京东Android客户端,0,0
2017-04-17 16:36:11,j***b,10396523552,金牌会员,3014239,【京东超市】吉列剃须刀锋隐致护手动刮胡刀套装（1刀架1刀头+4刀头）京东特供装,很喜欢，已经是回购了，会继续在这里买的，速度挺快的。,5,来自京东iPhone客户端,0,0
2017-03-30 21:52:15,j***斯,10290423520,金牌会员,3014239,【京东超市】吉列剃须刀锋隐致护手动刮胡刀套装（1刀架1刀头+4刀头）京东特供装,相当好用，刀片很锋利，比电动的剃得干净好多，以后只用吉列了,5,来自京东Android客户端,0,0
2017-01-25 21:54:04,j***7,10233939728,钻石会员,3014239,【京东超市】吉列剃须刀锋隐致护手动刮胡刀套装（1刀架1刀头+4刀头）京东特供装,剃须刀给家人买的，很好用剃须效果不错~,5,,0,0
2017-04-04 09:30:36,孔***a,10282706388,钻石会员,3014239,【京东超市】吉列剃须刀锋隐致护手动刮胡刀套装（1刀架1刀头+4刀头）京东特供装,"挺好用的 性价比也高
不刮脸 不伤皮肤 组合装也很值
特别酷炫 
用过同品牌其他的型号 没这个好用
所以推荐购买
也会回购",5,来自京东iPhone客户端,0,0
2017-03-13 20:06:19,花***灬,10251984498,PLUS会员,3014239,【京东超市】吉列剃须刀锋隐致护手动刮胡刀套装（1刀架1刀头+4刀头）京东特供装,给老公买的，他觉得非常好用，也很高大上不足的，不足的是京东没有客服碰到不会用的，还需要跑到别的平台联系客服,5,来自京东iPhone客户端,0,0
2017-04-02 03:20:16,潮***人,10276757540,金牌会员,3014239,【京东超市】吉列剃须刀锋隐致护手动刮胡刀套装（1刀架1刀头+4刀头）京东特供装,京东自营物流快，去年在**旗舰店买了2套致顺，才用到一套，现在又在京东超市下手了致护，手贱买来囤货。,5,来自京东Android客户端,0,0
2017-04-06 19:19:43,贝***舰,10395321000,铜牌会员,3014239,【京东超市】吉列剃须刀锋隐致护手动刮胡刀套装（1刀架1刀头+4刀头）京东特供装,用了一段才评论，刀架手感好，刀片锋利耐用。不错,5,,0,0
2017-03-19 08:34:53,Zhu-DP,10247519194,钻石会员,3014239,【京东超市】吉列剃须刀锋隐致护手动刮胡刀套装（1刀架1刀头+4刀头）京东特供装,这个工具挺好，第一次用刀片刮，比电动的干净，用起来也较顺手，记得附带泡沫，不然挂起来很不舒服。快递给加分。,5,来自京东iPad客户端,0,0
2017-04-17 09:57:35,b***5,10384648397,PLUS会员[试用],3014239,【京东超市】吉列剃须刀锋隐致护手动刮胡刀套装（1刀架1刀头+4刀头）京东特供装,好用 用的不错 价格也还行,5,,0,0
2016-12-30 20:37:07,追***u,10247607172,PLUS会员[试用],3014239,【京东超市】吉列剃须刀锋隐致护手动刮胡刀套装（1刀架1刀头+4刀头）京东特供装,很好不错(*?&acute;╰╯`?)??˙&sup3;˙??(?&bull;? ? &bull;??)??˙&sup3;˙?,5,来自京东Android客户端,0,0
2017-05-03 22:41:00,j***3,10381766551,PLUS会员[试用],3014239,【京东超市】吉列剃须刀锋隐致护手动刮胡刀套装（1刀架1刀头+4刀头）京东特供装,比较不错     刮的非常干净   五层刀的就是不错   哈哈哈哈,5,来自京东Android客户端,0,0
2017-01-20 09:24:12,橘***颜,10237933469,钻石会员,3014239,【京东超市】吉列剃须刀锋隐致护手动刮胡刀套装（1刀架1刀头+4刀头）京东特供装,讲真的，刮的蛮舒服的，就是感觉有点刮不干净，可能我不会刮吧，这种刮胡刀第一次用，特意买了胡须软化的东西，刚开始还不会用。可以的，京东物流一如既往的快,5,来自京东iPhone客户端,0,0
2017-02-11 16:58:07,R***守,10214119214,银牌会员,3014239,【京东超市】吉列剃须刀锋隐致护手动刮胡刀套装（1刀架1刀头+4刀头）京东特供装,那胡子刮得很干净，但是有一点不就知道那个边边上的那个黄色的放在梳妆台上面，然后拿起来说它跟她粘在一起了。,5,来自京东iPhone客户端,0,0
2017-03-22 11:56:07,s***2,10318596195,企业会员,3014239,【京东超市】吉列剃须刀锋隐致护手动刮胡刀套装（1刀架1刀头+4刀头）京东特供装,指定要买这个品牌， 后来直接上京东， 选了这款。介绍说是德国原产， 反正他用的觉得不错， 就要刀片的， 不要其他的， 没办法。,5,,0,0
2017-03-21 20:08:18,i***B,10238442634,PLUS会员,3014239,【京东超市】吉列剃须刀锋隐致护手动刮胡刀套装（1刀架1刀头+4刀头）京东特供装,吉列一直都很喜欢，这款看了很久还是入手了。体验感觉不错，还是手动感觉舒服！不过包装上的非卖品让人有点吐槽&hellip;&hellip;,5,来自京东Android客户端,0,0
2017-03-05 22:54:07,j***2,10383160262,金牌会员,3014239,【京东超市】吉列剃须刀锋隐致护手动刮胡刀套装（1刀架1刀头+4刀头）京东特供装,超级划算，超级便宜 比超市活动大多了，放心购买，跟以前买的一样一样的，很是期待下次降价活动啊。,5,来自京东Android客户端,0,0
2017-04-24 23:36:15,m***5,10354626078,银牌会员,3014239,【京东超市】吉列剃须刀锋隐致护手动刮胡刀套装（1刀架1刀头+4刀头）京东特供装,盒子永远是破损的，你要么就不要给外包装，要么拆捡时走点心，明明可以不破坏包装就可以打开盒子的，一帮2货,5,来自京东iPhone客户端,0,0
2017-03-23 07:55:35,j***2,10244039707,PLUS会员,1349161,【京东超市】吉列剃须刀锋隐致护手动刮胡刀套装（1刀架1刀头+4刀头）京东特供装,吉列刮胡泡沫，质量很好，滑顺舒适，好评。,5,来自京东Android客户端,0,0
2017-03-17 21:24:16,j***d,10274936138,银牌会员,3014239,【京东超市】吉列剃须刀锋隐致护手动刮胡刀套装（1刀架1刀头+4刀头）京东特供装,使用了吉列剃须刀才体会到剃须是个享受  肌肤和剃须刀接触轻柔舒服 物流快 晚上下单 第二天就收到了宝贝谢谢京东,5,来自京东iPhone客户端,0,0
2017-05-03 10:06:11,h***8,10377477596,银牌会员,3014239,【京东超市】吉列剃须刀锋隐致护手动刮胡刀套装（1刀架1刀头+4刀头）京东特供装,保护功能不错，刚开始用手动的，有两次以为刮烂了，结果没事。刮得很干净，用手感觉不出有胡茬子。,5,来自京东iPad客户端,0,0
2017-02-14 21:04:27,s***Q,10370241216,PLUS会员,4354492,【京东超市】吉列剃须刀锋隐致护手动刮胡刀套装（1刀架1刀头+4刀头）京东特供装,用了一段时间不过，刀片越用越好用，刮的干净。吉列的刀刚开始都有点不好用。用几天就舒服了。,5,来自京东iPhone客户端,0,0
2017-03-20 07:22:55,j***q,10231785958,银牌会员,3014239,【京东超市】吉列剃须刀锋隐致护手动刮胡刀套装（1刀架1刀头+4刀头）京东特供装,上面的橡胶有破损，虽然只有一点点，但新的就这样总感觉不妥，还有就是这个镀铬件有点粗糙，不过物流确实快，上午下单，下午就到了。,5,来自京东Android客户端,0,0
2017-04-02 18:36:26,j***p,10274965960,金牌会员,3014239,【京东超市】吉列剃须刀锋隐致护手动刮胡刀套装（1刀架1刀头+4刀头）京东特供装,刮得非常干净，不伤皮肤.，贴面效果好。男人就要对自己好点，每天都使用的物品，买好点，体验好点，为一天的开始开个好头。,5,来自京东iPhone客户端,0,0
2017-02-11 14:11:34,j***q,10377723707,银牌会员,3014239,【京东超市】吉列剃须刀锋隐致护手动刮胡刀套装（1刀架1刀头+4刀头）京东特供装,此款宝贝用起来真心感觉不错，用起来有感觉，希望多搞些打折促销活动，一定大力支持。,5,来自京东iPhone客户端,0,0
2017-03-01 19:02:16,眼***货,10234943265,钻石会员,3014239,【京东超市】吉列剃须刀锋隐致护手动刮胡刀套装（1刀架1刀头+4刀头）京东特供装,挂起来很顺滑 还是很好用的,5,,0,0
2017-02-14 09:07:01,1***p,10201489135,金牌会员,3014239,【京东超市】吉列剃须刀锋隐致护手动刮胡刀套装（1刀架1刀头+4刀头）京东特供装,和**买的60多一个的仔细对比没发现什么区别，也不知道是这家太贵还是**仿品太逼真&hellip;&hellip;，还是全5分吧,5,来自京东Android客户端,0,0
2017-05-10 10:49:38,j***b,10400277125,银牌会员,3014239,【京东超市】吉列剃须刀锋隐致护手动刮胡刀套装（1刀架1刀头+4刀头）京东特供装,昨天下午收到货，但还没用只是打开看下刀架刀片感觉像正品，因为价格有点贵不会差吧,5,来自京东Android客户端,0,0
2017-04-21 23:46:49,j***4,10347596465,钻石会员,3014239,【京东超市】吉列剃须刀锋隐致护手动刮胡刀套装（1刀架1刀头+4刀头）京东特供装,很好用，很顺滑,5,来自京东iPhone客户端,0,0
2017-03-11 08:52:16,麦***兜,10204634012,钻石会员,3014239,【京东超市】吉列剃须刀锋隐致护手动刮胡刀套装（1刀架1刀头+4刀头）京东特供装,总觉得质量好像有点粗糙。不知道是不是心里原因！不过还是喜欢京东，快递给力！上午买，下午到,5,来自京东Android客户端,0,0
2017-04-13 10:21:28,k***r,10304913544,PLUS会员,3014239,【京东超市】吉列剃须刀锋隐致护手动刮胡刀套装（1刀架1刀头+4刀头）京东特供装,不错送货也很快,5,来自京东Android客户端,0,0
2017-04-14 16:23:48,永***买,10311055128,PLUS会员,3014239,【京东超市】吉列剃须刀锋隐致护手动刮胡刀套装（1刀架1刀头+4刀头）京东特供装,用起来不错，很好用的,5,,0,0
2017-05-12 00:34:09,梦***潮,10403166238,铜牌会员,3014239,【京东超市】吉列剃须刀锋隐致护手动刮胡刀套装（1刀架1刀头+4刀头）京东特供装,真的超级好用，而且看起来非常的炫酷，用起来的时候很舒服，值得购买，相信京东。,5,来自京东iPhone客户端,0,0
2017-04-28 16:49:49,红***欢,10357198978,银牌会员,3014239,【京东超市】吉列剃须刀锋隐致护手动刮胡刀套装（1刀架1刀头+4刀头）京东特供装,好用好用真的好用,5,来自京东Android客户端,0,0
2017-04-23 19:08:51,没***饭,10347081942,PLUS会员,1349161,【京东超市】吉列剃须刀锋隐致护手动刮胡刀套装（1刀架1刀头+4刀头）京东特供装,好用好用好用好用好用,5,来自京东iPhone客户端,0,0
2017-05-12 16:04:07,盈风满袖笔墨稠丶,10401189775,PLUS会员,3014239,【京东超市】吉列剃须刀锋隐致护手动刮胡刀套装（1刀架1刀头+4刀头）京东特供装,为什么在京东买东西？因为自营店可以次日达，因为质量相比别的平台更有保证。因为我说这么多说明东西不错，因为获得豆豆。,5,来自京东Android客户端,0,0
2017-03-13 20:16:53,奥***的,10212508269,银牌会员,3014239,【京东超市】吉列剃须刀锋隐致护手动刮胡刀套装（1刀架1刀头+4刀头）京东特供装,看着还可以 等试用了,5,来自京东Android客户端,0,0
2017-03-22 18:52:47,_***驴,10316365659,金牌会员,3014239,【京东超市】吉列剃须刀锋隐致护手动刮胡刀套装（1刀架1刀头+4刀头）京东特供装,很好，很舒服，顺手,5,来自京东iPhone客户端,0,0
2017-03-11 23:02:15,b***y,10206540279,金牌会员,3014239,【京东超市】吉列剃须刀锋隐致护手动刮胡刀套装（1刀架1刀头+4刀头）京东特供装,吉列的东西一直都是很好用的   相信大品牌~,5,,0,0
2017-04-05 13:31:49,j***c,10281987213,银牌会员,3014239,【京东超市】吉列剃须刀锋隐致护手动刮胡刀套装（1刀架1刀头+4刀头）京东特供装,很锋利刮的还很净哦,5,来自京东Android客户端,0,0
2017-02-07 21:13:18,S***b,10116412514,金牌会员,3014239,【京东超市】吉列剃须刀锋隐致护手动刮胡刀套装（1刀架1刀头+4刀头）京东特供装,包装完好，用着也很顺手,5,来自京东Android客户端,1,0
2017-03-13 21:56:32,p***2,10257022760,PLUS会员,3014239,【京东超市】吉列剃须刀锋隐致护手动刮胡刀套装（1刀架1刀头+4刀头）京东特供装,再也不用电动的了。,5,来自微信购物,0,0
2017-04-17 13:20:13,L***n,10321260097,钻石会员,2552207,【京东超市】吉列剃须刀锋隐致护手动刮胡刀套装（1刀架1刀头+4刀头）京东特供装,两片装的冰酷系列 刮胡子更清凉 就是价格小贵 但是夏天 还是喜欢冰酷的刮胡子的感觉,5,来自京东iPhone客户端,0,0
2017-04-20 13:34:12,f***u,10372879036,PLUS会员,3014239,【京东超市】吉列剃须刀锋隐致护手动刮胡刀套装（1刀架1刀头+4刀头）京东特供装,手动剃须刀的极致了吧，很好，刮的很干净！性价比超高！,5,来自京东iPhone客户端,0,0
2017-04-17 15:21:22,j***2,10319166719,铜牌会员,3014239,【京东超市】吉列剃须刀锋隐致护手动刮胡刀套装（1刀架1刀头+4刀头）京东特供装,好好吧，jdjjdhdgdvvhdjdjdjdjdjidjdjdjhfhr,5,来自京东Android客户端,0,0
2017-04-13 11:54:44,v***n,10311414097,金牌会员,3014239,【京东超市】吉列剃须刀锋隐致护手动刮胡刀套装（1刀架1刀头+4刀头）京东特供装,京东速度非常给力，价格基本上也是全网最便宜了，暂时还没使用。应该没什么问题。,5,来自京东iPhone客户端,0,0
2017-03-15 16:52:01,j***气,10261401610,PLUS会员[试用],3014239,【京东超市】吉列剃须刀锋隐致护手动刮胡刀套装（1刀架1刀头+4刀头）京东特供装,真的非常好使，比电动的干净多了。我用过n种高端电动，都不如这干净，而且不易刮破脸,5,来自京东iPhone客户端,0,0
2017-03-24 11:46:18,s***y,10251951142,钻石会员,3014239,【京东超市】吉列剃须刀锋隐致护手动刮胡刀套装（1刀架1刀头+4刀头）京东特供装,【京东超市】吉列剃须刀锋隐致护手动刮胡刀套装（1刀架1刀头+4刀头）京东特供装,5,,0,0
2017-04-03 21:35:19,童***团,10288620473,PLUS会员,3014239,【京东超市】吉列剃须刀锋隐致护手动刮胡刀套装（1刀架1刀头+4刀头）京东特供装,还记得那么多开发那你大难不那是你们校门口刚刚看看下面慢慢学开心呢哈哈哈比好说,5,来自京东Android客户端,0,0
2017-03-22 01:27:47,j***q,10238526974,银牌会员,3014239,【京东超市】吉列剃须刀锋隐致护手动刮胡刀套装（1刀架1刀头+4刀头）京东特供装,老公是买来刮头发的，因前面掉发严重就开始光头了，说很满意，终于把原先的锋速淘汰啦,5,来自京东Android客户端,0,0
2017-05-14 10:16:41,超***子,10405193947,PLUS会员,3014239,【京东超市】吉列剃须刀锋隐致护手动刮胡刀套装（1刀架1刀头+4刀头）京东特供装,剃须刀我只用吉利！京东快递很好，给快递小哥点个赞！,5,来自京东Android客户端,0,0
2017-04-13 13:49:22,M***y,10309460024,铜牌会员,3014239,【京东超市】吉列剃须刀锋隐致护手动刮胡刀套装（1刀架1刀头+4刀头）京东特供装,不错，不错。物有所值！刚拿到东西就迫不及待的试了试，刮的很干净。将会一直支持！！！,5,来自京东Android客户端,0,0
2017-02-12 10:25:27,s***丶,10366988039,银牌会员,3014239,【京东超市】吉列剃须刀锋隐致护手动刮胡刀套装（1刀架1刀头+4刀头）京东特供装,185入的 1刀架+5刀头 比Tm便宜多了 相对3刀片的顺滑 体验不错建议入手,5,来自京东Android客户端,0,0
2017-03-17 15:51:24,j***豆,10229888691,银牌会员,3014239,【京东超市】吉列剃须刀锋隐致护手动刮胡刀套装（1刀架1刀头+4刀头）京东特供装,宝贝收到了，配送速度一如既往的快，宝贝的质量有待进一步观察，先给好评，用一段时间在评价质量,5,来自京东iPhone客户端,0,0
2017-05-11 23:27:26,G***e,10402636504,金牌会员,3014239,【京东超市】吉列剃须刀锋隐致护手动刮胡刀套装（1刀架1刀头+4刀头）京东特供装,非常好用，刀头表示很锋利、旋转刀头，我真担心一不小心割到了！所以用的很小心！,5,来自京东Android客户端,0,0
2017-04-19 21:29:23,k***y,10328016946,铜牌会员,3014239,【京东超市】吉列剃须刀锋隐致护手动刮胡刀套装（1刀架1刀头+4刀头）京东特供装,物流很快 头一天半夜拍的 第二天就送到了！商品用起来很舒服 没有以前刮胡子的刺痛感,5,来自京东iPhone客户端,0,0
2017-03-24 17:28:05,l***o,10252929336,PLUS会员,3014239,【京东超市】吉列剃须刀锋隐致护手动刮胡刀套装（1刀架1刀头+4刀头）京东特供装,不错.可惜要搭配高级的剃须膏.十几元的皮肤都刮破了 o(╥﹏╥)o 换了60几的就ok了,5,来自京东iPhone客户端,0,0
2017-05-08 19:57:06,j***n,10394044968,PLUS会员,3014239,【京东超市】吉列剃须刀锋隐致护手动刮胡刀套装（1刀架1刀头+4刀头）京东特供装,非常的不错，可以说是用过最好的水刮刀，五个刀头可以用好久,5,来自京东iPhone客户端,0,0
2017-03-22 13:07:03,j***f,10249164042,金牌会员,3014239,【京东超市】吉列剃须刀锋隐致护手动刮胡刀套装（1刀架1刀头+4刀头）京东特供装,包装高端大气，商品好用，物流速度快，京东就是好、快、省，必须给京东大大地点赞，以后还得来这家买。,5,来自京东Android客户端,0,0
2016-12-20 09:26:45,流***龙,10232888662,PLUS会员,3014239,【京东超市】吉列剃须刀锋隐致护手动刮胡刀套装（1刀架1刀头+4刀头）京东特供装,很好用，比之前的那个标准款号的地方就是那个头那有弹簧，刮的时候使劲不会刮破脸，力度刚刚好,5,,0,0
2017-03-25 14:19:14,1***p,10296412850,银牌会员,3014239,【京东超市】吉列剃须刀锋隐致护手动刮胡刀套装（1刀架1刀头+4刀头）京东特供装,凌晨买  第二天早上就到货，速度超快，收到宝贝，用起来好舒服，刮的也很干净，比电动的好用多了。,5,,0,0
2017-03-31 17:07:52,j***z,10270565074,银牌会员,3014239,【京东超市】吉列剃须刀锋隐致护手动刮胡刀套装（1刀架1刀头+4刀头）京东特供装,实惠，剃须顺畅。今早起体验，单独包装的剃须刀头还没用，准备过几天订购八刀头致护刀片。,5,来自京东Android客户端,0,0
2017-01-03 09:41:57,j***h,10281117194,银牌会员,3014239,【京东超市】吉列剃须刀锋隐致护手动刮胡刀套装（1刀架1刀头+4刀头）京东特供装,好用好用，特别满意，下次还来，锋隐致护系列真心赞，就是刀头要两个月一换不然就开始涩了，刮的脸疼,5,来自京东Android客户端,0,0
2017-04-09 14:51:13,c***i,10384724543,银牌会员,3014239,【京东超市】吉列剃须刀锋隐致护手动刮胡刀套装（1刀架1刀头+4刀头）京东特供装,刮胡刀只用吉列的,5,来自京东Android客户端,0,0
2017-05-01 22:31:55,文***笨,10367802251,PLUS会员,3014239,【京东超市】吉列剃须刀锋隐致护手动刮胡刀套装（1刀架1刀头+4刀头）京东特供装,很好用，看了一些评论，最终决定买这个，这个刀片有个特色是下面有一排细齿，不好刮的胡子很容易刮到。贴合面部很舒服,5,来自京东Android客户端,0,0
2017-04-15 14:01:54,J***1,10313053425,铜牌会员,3014239,【京东超市】吉列剃须刀锋隐致护手动刮胡刀套装（1刀架1刀头+4刀头）京东特供装,物流速度快，东西好用。,5,,0,0
2017-04-19 09:26:13,g***e,10363369882,PLUS会员,3014239,【京东超市】吉列剃须刀锋隐致护手动刮胡刀套装（1刀架1刀头+4刀头）京东特供装,五层的刀片就是好用！,5,,0,0
2017-03-27 20:53:29,j***s,10256735644,银牌会员,1349161,【京东超市】吉列剃须刀锋隐致护手动刮胡刀套装（1刀架1刀头+4刀头）京东特供装,很不错，性价比很高，一直用小米，值得信赖，给老妈买的，希望喜欢，京东物流很给力希望继续保持,5,来自京东Android客户端,0,0
2017-04-02 23:24:44,侯***h,10312296999,金牌会员,3014239,【京东超市】吉列剃须刀锋隐致护手动刮胡刀套装（1刀架1刀头+4刀头）京东特供装,不错，很好用！！！！！！,5,来自京东Android客户端,0,0
2017-04-27 20:29:42,j***6,10353726714,钻石会员,3014239,【京东超市】吉列剃须刀锋隐致护手动刮胡刀套装（1刀架1刀头+4刀头）京东特供装,刚拿到手，还没试,5,来自京东Android客户端,0,0
2017-04-24 14:24:52,z***9,10343402563,金牌会员,3014239,【京东超市】吉列剃须刀锋隐致护手动刮胡刀套装（1刀架1刀头+4刀头）京东特供装,不错，很喜欢好用,5,来自京东iPhone客户端,0,0
2017-04-07 16:44:07,无***能,10341075369,钻石会员,3014239,【京东超市】吉列剃须刀锋隐致护手动刮胡刀套装（1刀架1刀头+4刀头）京东特供装,少一个刀头，售后没人理，只给一句话，有问题找厂家，我们客服不懂。这回答真绝了。图片上的这个刀头包装里少一个（网络图.没时间拍照）,5,来自京东iPhone客户端,0,0
2017-02-12 23:59:22,j***n,10196472133,钻石会员,4354492,【京东超市】吉列剃须刀锋隐致护手动刮胡刀套装（1刀架1刀头+4刀头）京东特供装,不错，很好用,5,来自京东Android客户端,0,0
2017-03-16 20:27:05,x***n,10222853086,钻石会员,3014239,【京东超市】吉列剃须刀锋隐致护手动刮胡刀套装（1刀架1刀头+4刀头）京东特供装,吉列最新款手动刮胡刀，非常好用，剃须效果真的没说的。,5,,0,0
2017-03-29 22:54:41,j***5,10269146157,钻石会员,3014239,【京东超市】吉列剃须刀锋隐致护手动刮胡刀套装（1刀架1刀头+4刀头）京东特供装,给老公买的，用过之后感受特别棒，刀片阻力很小，刮过胡子的皮肤很滑很细腻，推荐！,5,来自京东iPhone客户端,0,0
2017-03-03 22:52:57,盛***强,10346007083,金牌会员,3014239,【京东超市】吉列剃须刀锋隐致护手动刮胡刀套装（1刀架1刀头+4刀头）京东特供装,太重了不太好用，而且左右摆动的那个东西也没啥用就是比以前的锋速5还差,5,来自京东Android客户端,0,0
2017-04-11 01:25:24,上***鼬,10335703609,金牌会员,3014239,【京东超市】吉列剃须刀锋隐致护手动刮胡刀套装（1刀架1刀头+4刀头）京东特供装,第一次买手动剃须刀也是第一次买这么贵的，确实感觉比电动的刮得干净很多,5,来自京东iPhone客户端,0,0
2017-04-06 19:51:19,l***u,10381764795,钻石会员,3014239,【京东超市】吉列剃须刀锋隐致护手动刮胡刀套装（1刀架1刀头+4刀头）京东特供装,用着真是不错，比电的刮得干净多了，而且挺舒服，喜欢上了手动刮胡刀,5,来自京东Android客户端,0,0
2017-02-25 01:17:38,c***1,10215634648,钻石会员,3014239,【京东超市】吉列剃须刀锋隐致护手动刮胡刀套装（1刀架1刀头+4刀头）京东特供装,还行吧，有评论称有瑕疵，如果不用热水泡太久问题不大的，使用起来相当舒服！！,5,来自京东Android客户端,0,0
2017-03-17 13:55:57,月***九,10267766004,PLUS会员,3014239,【京东超市】吉列剃须刀锋隐致护手动刮胡刀套装（1刀架1刀头+4刀头）京东特供装,感觉就是颜色变了，其他没什么不同，还是锋隐致顺当年的配方（橙色变黄色）,5,来自京东Android客户端,0,0
2017-03-25 21:35:51,健***斯,10337588407,金牌会员,3014239,【京东超市】吉列剃须刀锋隐致护手动刮胡刀套装（1刀架1刀头+4刀头）京东特供装,一直用吉列 可以刮到电动剃须刀刮不干净的胡茬儿,5,,0,0
2017-05-07 19:44:50,N***d,10405665692,金牌会员,3014239,【京东超市】吉列剃须刀锋隐致护手动刮胡刀套装（1刀架1刀头+4刀头）京东特供装,刮起来挺舒服的，比其他系列的确实好用，如果有旅行装盒子就更好了,5,来自京东Android客户端,0,0
2017-03-21 23:34:05,c***w,10357945863,PLUS会员,3014239,【京东超市】吉列剃须刀锋隐致护手动刮胡刀套装（1刀架1刀头+4刀头）京东特供装,新款刀架除了颜色变了，我也不知道哪儿还有区别,5,,0,0
2017-04-28 10:52:12,n***8,10382757233,银牌会员,3014239,【京东超市】吉列剃须刀锋隐致护手动刮胡刀套装（1刀架1刀头+4刀头）京东特供装,非常棒的刮胡刀，很顺滑。如果配合刮胡泡和须后水使用效果会更好。另外，刀片不错，建议吉列把刀架做精细些。,5,来自京东iPhone客户端,0,0
2017-04-06 21:29:12,定***白,10295761868,PLUS会员,1349161,【京东超市】吉列剃须刀锋隐致护手动刮胡刀套装（1刀架1刀头+4刀头）京东特供装,一直在用吉利的剃须刀和剃须膏，非常好用，点赞?,5,来自京东Android客户端,0,0
2017-05-10 20:54:44,蒹***灬,10396787907,PLUS会员[试用],3014239,【京东超市】吉列剃须刀锋隐致护手动刮胡刀套装（1刀架1刀头+4刀头）京东特供装,用心非常不错。,5,来自京东Android客户端,0,0
2017-05-09 07:46:33,S***L,10390494507,PLUS会员,3014239,【京东超市】吉列剃须刀锋隐致护手动刮胡刀套装（1刀架1刀头+4刀头）京东特供装,吉列的老顾客了，对电动的是一直不感兴趣。很贴合皮肤却又不会刮伤皮肤。很好的剃须刀,5,来自京东iPhone客户端,0,0
2017-03-11 18:46:10,羊***歌,10206843876,银牌会员,3014239,【京东超市】吉列剃须刀锋隐致护手动刮胡刀套装（1刀架1刀头+4刀头）京东特供装,吉列我一直在用，一个好的剃须刀只有自己亲身体会过才懂它的重要性，它也从没让我失望过。你们懂得^&omega;^,5,来自京东Android客户端,0,0
2017-03-17 21:30:49,j***0,10234632163,PLUS会员,3014239,【京东超市】吉列剃须刀锋隐致护手动刮胡刀套装（1刀架1刀头+4刀头）京东特供装,第一次使用手动的，感觉挺好的，怎么剃怎么舒服，完全不用担心会弄伤皮肤。还送了四个刀头更换，不错不错，信赖京东，一如既往的正品。赞一个,5,来自京东iPhone客户端,0,0
2017-02-25 01:17:38,c***1,10215638867,钻石会员,1349161,【京东超市】吉列剃须刀锋隐致护手动刮胡刀套装（1刀架1刀头+4刀头）京东特供装,啫喱还是不错的！使用起来顺滑，比起泡沫更舒服！,5,来自京东Android客户端,0,0
2017-04-10 20:46:13,太***妃,10376349680,PLUS会员,3014239,【京东超市】吉列剃须刀锋隐致护手动刮胡刀套装（1刀架1刀头+4刀头）京东特供装,【京东超市】吉列剃须刀锋隐致护手动刮胡刀套装（1刀架1刀头+4刀头）京东特供装,5,来自京东iPhone客户端,0,0
2017-03-10 11:16:57,张***8,10219993991,PLUS会员,3014239,【京东超市】吉列剃须刀锋隐致护手动刮胡刀套装（1刀架1刀头+4刀头）京东特供装,东西确实是好东西 但这个包装是用京东以后最次的一次了 东西是让人拿脚踹了还是咋的 盒破成这样 看评论有人说包装不好 没想到是这么不好,5,来自京东iPhone客户端,0,0
2017-03-18 21:10:37,w***o,10240782305,银牌会员,3014239,【京东超市】吉列剃须刀锋隐致护手动刮胡刀套装（1刀架1刀头+4刀头）京东特供装,果然最新款的就是不一样。有点重量，做工还可以。重点是刮得很干净，而且不会伤皮肤。套装价格非常优惠啊，很好！！,5,来自京东iPhone客户端,0,0
2017-03-11 16:45:55,l***h,10359035175,金牌会员,3014239,【京东超市】吉列剃须刀锋隐致护手动刮胡刀套装（1刀架1刀头+4刀头）京东特供装,老公说蛮好用的～～样子也不错 之前用过致顺 没有感觉到太大的差别 都挺好用,5,来自京东iPhone客户端,0,0
2017-04-02 00:02:57,王***7,10271464814,金牌会员,3014239,【京东超市】吉列剃须刀锋隐致护手动刮胡刀套装（1刀架1刀头+4刀头）京东特供装,这个物流太快了，宝贝感觉很不错的，希望一如既往地好！,5,,0,0
2017-05-12 10:06:11,J***西,10400418509,钻石会员,3014239,【京东超市】吉列剃须刀锋隐致护手动刮胡刀套装（1刀架1刀头+4刀头）京东特供装,之前用的锋速3坏了，换了致护，果然牛，干干净净，清清爽爽！一个字赞,5,来自京东iPhone客户端,0,0
2017-04-20 13:23:46,jd_155378zor,10334821169,铜牌会员,3014239,【京东超市】吉列剃须刀锋隐致护手动刮胡刀套装（1刀架1刀头+4刀头）京东特供装,送给男朋友的还没有拆，快递第一次来电话没有接到，后来又联系了一下很热心,5,来自京东Android客户端,0,0
2017-04-10 09:49:08,天***粉,10315617776,钻石会员,3014239,【京东超市】吉列剃须刀锋隐致护手动刮胡刀套装（1刀架1刀头+4刀头）京东特供装,老爸很喜欢 还不舍得用呢 自己还没看过 不过京东没问题 特别喜欢的是 买东西当天到 简直太爽了,5,来自京东iPhone客户端,0,0
2017-04-08 19:40:11,淼***5,10298411689,PLUS会员,3014239,【京东超市】吉列剃须刀锋隐致护手动刮胡刀套装（1刀架1刀头+4刀头）京东特供装,好实惠，今日用了一下，感觉非常棒，喜欢。下次还来，好评。,5,,0,0
2017-04-24 23:36:02,风***1,10366582604,PLUS会员,3014239,【京东超市】吉列剃须刀锋隐致护手动刮胡刀套装（1刀架1刀头+4刀头）京东特供装,第二次买了!很快  胡子硬也不会疼，我天天都在用,5,来自京东Android客户端,0,0
2017-05-07 13:18:52,s***i,10386038531,PLUS会员,3014239,【京东超市】吉列剃须刀锋隐致护手动刮胡刀套装（1刀架1刀头+4刀头）京东特供装,使用感受怎么感觉和锋速三没什么区别呢！又这么贵~,5,来自京东iPhone客户端,0,0
2017-05-05 19:41:36,彩***儿,10383023560,钻石会员,3014239,【京东超市】吉列剃须刀锋隐致护手动刮胡刀套装（1刀架1刀头+4刀头）京东特供装,一直用很不错的，老公挺满意,5,,0,0
2017-05-07 21:58:04,优***月,10385038367,PLUS会员,3014239,【京东超市】吉列剃须刀锋隐致护手动刮胡刀套装（1刀架1刀头+4刀头）京东特供装,东西应该不错吧，等了一段时间，终于等到秒杀了。,5,来自京东iPhone客户端,0,0
2017-05-10 13:58:50,g***h,10399787832,PLUS会员,3014239,【京东超市】吉列剃须刀锋隐致护手动刮胡刀套装（1刀架1刀头+4刀头）京东特供装,刮胡刀特别好用，挂的超级干净。强烈推荐。,5,来自京东iPhone客户端,0,0
2017-04-02 12:25:58,N***K,10273216169,金牌会员,3014239,【京东超市】吉列剃须刀锋隐致护手动刮胡刀套装（1刀架1刀头+4刀头）京东特供装,以前一直用电动的，每次刮完，脸上都会起痘痘，这次买了吉利的手动挺好的，喜欢，好评,5,,0,0
2017-04-03 14:08:21,j***°,10302954659,钻石会员,3014239,【京东超市】吉列剃须刀锋隐致护手动刮胡刀套装（1刀架1刀头+4刀头）京东特供装,可以应该是正品，非常快，轻轻一碰皮肤就破了！！非常的快，刮的很舒服。,5,来自京东iPhone客户端,0,0
2017-03-15 22:40:15,j***2,10225381504,PLUS会员,3014239,【京东超市】吉列剃须刀锋隐致护手动刮胡刀套装（1刀架1刀头+4刀头）京东特供装,这代产品我觉得并没有比之前的好多少，价格倒是高很多，建议买上一代产品,5,来自京东Android客户端,0,0
2017-04-21 20:50:51,爱***可,10335875094,银牌会员,3014239,【京东超市】吉列剃须刀锋隐致护手动刮胡刀套装（1刀架1刀头+4刀头）京东特供装,在超市都150，在这买才185而且这还有4个刀头非常的合适，便宜,5,来自京东iPhone客户端,0,0
2017-02-20 00:13:29,柒***丶,10281091515,金牌会员,3014239,【京东超市】吉列剃须刀锋隐致护手动刮胡刀套装（1刀架1刀头+4刀头）京东特供装,东西是好用，但是时间长刀片上黄色东西会腐蚀还是什么的，体验感受较差,5,来自京东iPhone客户端,0,0
2017-03-27 12:50:34,O***u,10302153371,银牌会员,3014239,【京东超市】吉列剃须刀锋隐致护手动刮胡刀套装（1刀架1刀头+4刀头）京东特供装,给老公买的，用后感觉不紧绷，挺舒适，价格也比超市便宜，送货速度还快，非常好！,5,来自京东iPhone客户端,0,0
2017-03-11 17:27:31,1***0,10208923698,金牌会员,3014239,【京东超市】吉列剃须刀锋隐致护手动刮胡刀套装（1刀架1刀头+4刀头）京东特供装,还没打开看，就发表评论了，有点太心急了，应该不会错！毕竟是京东自营的。,5,来自京东iPhone客户端,0,0
2017-03-29 12:55:32,t***u,10382997745,金牌会员,3014239,【京东超市】吉列剃须刀锋隐致护手动刮胡刀套装（1刀架1刀头+4刀头）京东特供装,看上去质量不错，用了一段时间感觉用不太习惯，所以就搁置它了。,5,来自京东Android客户端,0,0
2017-04-06 21:37:30,A***o,10380622316,PLUS会员,3014239,【京东超市】吉列剃须刀锋隐致护手动刮胡刀套装（1刀架1刀头+4刀头）京东特供装,用着还不错，不过感觉跟之前的款差别不太大,5,来自京东iPhone客户端,0,0
2017-04-02 00:41:46,葛***国,10273119868,金牌会员,3014239,【京东超市】吉列剃须刀锋隐致护手动刮胡刀套装（1刀架1刀头+4刀头）京东特供装,东西不错 用着感觉很好 虽然开始的时候没有啫喱 隔天自己买的 没啫喱也一样用 刀头上面自己分泌粘粘的液体 过水之后,5,来自京东Android客户端,0,0
2017-05-03 13:40:54,j***6,10372844927,银牌会员,3014239,【京东超市】吉列剃须刀锋隐致护手动刮胡刀套装（1刀架1刀头+4刀头）京东特供装,很好的降锋刀柄和刀头！凡京东自营都可放心买。。最绝的物流，京乐快递特好给京东点赞！,5,来自京东Android客户端,0,0
2017-03-23 20:35:29,刘***鹏,10322940876,金牌会员,3014239,【京东超市】吉列剃须刀锋隐致护手动刮胡刀套装（1刀架1刀头+4刀头）京东特供装,刷刷刷，就干净了，这个绝对比电动效果好的多！,5,,0,0
2017-04-24 11:12:33,小***段,10343209087,钻石会员,1349161,【京东超市】吉列剃须刀锋隐致护手动刮胡刀套装（1刀架1刀头+4刀头）京东特供装,剃须加上这个才不会疼。。。。,5,来自京东iPhone客户端,0,0
2017-03-07 17:29:47,p***文,10397062284,金牌会员,3014239,【京东超市】吉列剃须刀锋隐致护手动刮胡刀套装（1刀架1刀头+4刀头）京东特供装,效果不错，剃须干净。,5,,0,0
2017-03-22 18:35:02,O***t,10398132091,钻石会员,3014239,【京东超市】吉列剃须刀锋隐致护手动刮胡刀套装（1刀架1刀头+4刀头）京东特供装,使用感觉就是很利落，毕竟五片刀片。物流不必多说，如既往的好。,5,,0,0
2017-03-22 14:00:04,j***a,10398064223,钻石会员,3014239,【京东超市】吉列剃须刀锋隐致护手动刮胡刀套装（1刀架1刀头+4刀头）京东特供装,老公忽发奇想，用腻了电动的，非要手动，刮得一般吧，他现在两个一起用，自己找事儿。,5,,0,0
2017-03-20 10:10:52,f***m,10231724565,钻石会员,3014239,【京东超市】吉列剃须刀锋隐致护手动刮胡刀套装（1刀架1刀头+4刀头）京东特供装,不错，原来的超感应系列使用近10年了，要退役了，呵呵。一直使用，吉列真的很耐用，希望这款也一如既往！,5,来自京东Android客户端,0,0
2017-04-05 10:51:28,d***y,10382416717,金牌会员,3014239,【京东超市】吉列剃须刀锋隐致护手动刮胡刀套装（1刀架1刀头+4刀头）京东特供装,非常不错(*?&acute;╰╯`?)?优惠力度大。使用起来很舒服，还会再来买。,5,来自京东Android客户端,0,0
2017-04-23 10:03:37,枸***檬,10378530919,PLUS会员,3014239,【京东超市】吉列剃须刀锋隐致护手动刮胡刀套装（1刀架1刀头+4刀头）京东特供装,第一次用手动，没比较 总体感觉还不错  有个防水包装就更好了,5,来自京东Android客户端,0,0
2017-05-07 21:26:38,w***i,10386753003,银牌会员,3014239,【京东超市】吉列剃须刀锋隐致护手动刮胡刀套装（1刀架1刀头+4刀头）京东特供装,剃须刀老公说很好用，一直用吉利的。,5,,0,0
2017-03-29 08:19:34,A***子,10385515550,PLUS会员,3014239,【京东超市】吉列剃须刀锋隐致护手动刮胡刀套装（1刀架1刀头+4刀头）京东特供装,给老爸买的！上一个吉列用了好多好多年了。这次换个新款！,5,来自京东iPhone客户端,0,0
2017-04-16 12:32:43,z***j,10364152916,PLUS会员[试用],3014239,【京东超市】吉列剃须刀锋隐致护手动刮胡刀套装（1刀架1刀头+4刀头）京东特供装,一直用吉利的，正好刀片要换，在京东上看到，比线下的要便宜。,5,来自京东iPhone客户端,0,0
2017-04-05 10:18:18,j***a,10300027979,PLUS会员,3014239,【京东超市】吉列剃须刀锋隐致护手动刮胡刀套装（1刀架1刀头+4刀头）京东特供装,刀头两个方向可转动，贴合面部，感觉舒适。刀头德国产，刀架波兰，一刀架一刀头另带4个刀头，性价比好。,5,来自京东iPhone客户端,0,0
2017-02-09 10:19:58,z***0,10352036245,PLUS会员,3014239,【京东超市】吉列剃须刀锋隐致护手动刮胡刀套装（1刀架1刀头+4刀头）京东特供装,买给老公的礼物，他很喜欢，用了感觉不错?，我是觉得有点贵了,5,来自京东iPhone客户端,0,0
2017-04-06 10:19:39,S***g,10282475081,银牌会员,3014239,【京东超市】吉列剃须刀锋隐致护手动刮胡刀套装（1刀架1刀头+4刀头）京东特供装,趁着活动赶紧下手，下午即收 以前用锋速三，有点儿提心吊胆的，这款应该放心了吧？?,5,来自京东Android客户端,0,0
2017-02-19 08:20:46,j***彬,10204903585,金牌会员,3014239,【京东超市】吉列剃须刀锋隐致护手动刮胡刀套装（1刀架1刀头+4刀头）京东特供装,很好用的刮胡刀,5,来自京东iPhone客户端,0,0
2017-03-28 11:07:41,l***6,10368180110,银牌会员,3014239,【京东超市】吉列剃须刀锋隐致护手动刮胡刀套装（1刀架1刀头+4刀头）京东特供装,确实舒服，刮起来过瘾，不用担心划破皮肤。刮得干净，舒爽。刀架握起来有质感。嚯嚯嚯,5,,0,0
2017-03-05 11:39:39,j***9,10334330452,金牌会员,3014239,【京东超市】吉列剃须刀锋隐致护手动刮胡刀套装（1刀架1刀头+4刀头）京东特供装,好用。虽然很贵，但一分钱一分货，刮得舒服也省心。个人比较希望逆刮，因为比较干净。,5,来自京东Android客户端,0,0
2017-03-24 09:21:01,z***9,10249982699,PLUS会员,3014239,【京东超市】吉列剃须刀锋隐致护手动刮胡刀套装（1刀架1刀头+4刀头）京东特供装,没用呢，看起来有点怪。不知为什么欧洲的制造水平和审美看起来像中国的乡镇企业了～,5,来自京东Android客户端,0,0
2017-03-23 06:49:31,f***g,10242075575,PLUS会员,3014239,【京东超市】吉列剃须刀锋隐致护手动刮胡刀套装（1刀架1刀头+4刀头）京东特供装,舒适顺滑，超乎想象的剃须感受，滋润爽滑的肌肤体验，吉列一得，他刀无求。,5,来自京东iPhone客户端,12,3
2017-04-28 23:54:15,黄***乐,10357950375,PLUS会员,3014239,【京东超市】吉列剃须刀锋隐致护手动刮胡刀套装（1刀架1刀头+4刀头）京东特供装,只能当放九张图吗，我还拍了好多细节呢，总之外观不错。使用感觉就是很利落，毕竟五片刀片。物流不必多说，如既往的好。,5,来自京东Android客户端,0,0
2017-05-08 02:22:30,k***a,10391848042,钻石会员,3014239,【京东超市】吉列剃须刀锋隐致护手动刮胡刀套装（1刀架1刀头+4刀头）京东特供装,还没用，用完再来追评。大家注意这个刀头是带须根锁定的，就是刀片底部有一排齿,5,来自京东iPhone客户端,0,0
2017-04-16 22:44:42,小***扰,10379981148,银牌会员,3014239,【京东超市】吉列剃须刀锋隐致护手动刮胡刀套装（1刀架1刀头+4刀头）京东特供装,用着还可以，非卖品不知道为什么还要买。,5,来自京东Android客户端,0,0
2017-02-05 15:00:27,这***Q,10297550357,银牌会员,4354492,【京东超市】吉列剃须刀锋隐致护手动刮胡刀套装（1刀架1刀头+4刀头）京东特供装,质量感觉不错，快递挺快的，服务态度也挺好的，剃须效果非常棒，超级喜欢！,5,,3,1
2017-04-13 21:31:13,J***者,10316962655,钻石会员,3014239,【京东超市】吉列剃须刀锋隐致护手动刮胡刀套装（1刀架1刀头+4刀头）京东特供装,看起来包装旧旧的，不知道是几手不，还没用，送人,5,来自京东Android客户端,4,0
2017-05-07 20:27:21,z***o,10385436276,金牌会员,3014239,【京东超市】吉列剃须刀锋隐致护手动刮胡刀套装（1刀架1刀头+4刀头）京东特供装,用吉列多年了，这次由锋速3直接升级至致护，的确不错。,5,来自京东Android客户端,0,0
2017-03-12 20:46:41,a***2,10208972628,PLUS会员,3014239,【京东超市】吉列剃须刀锋隐致护手动刮胡刀套装（1刀架1刀头+4刀头）京东特供装,预谋好久，终于忍不住下手了，plus号也只便宜几块钱，收货感觉还是可以的，比买单只的要有优惠点，之前一直在用锋隐3，手动的就是比电动的好用，剃须干净光滑，也不用充电，旅行必备佳品,5,来自京东iPhone客户端,5,0
2017-04-22 17:39:45,永***8,10343250097,金牌会员,3014239,【京东超市】吉列剃须刀锋隐致护手动刮胡刀套装（1刀架1刀头+4刀头）京东特供装,很好用，刮胡子很舒服，而且正面五刀片，背面还有一个剃刀，很方便！,5,来自京东iPhone客户端,0,1
2017-05-06 14:34:16,j***l,10386425487,金牌会员,3014239,【京东超市】吉列剃须刀锋隐致护手动刮胡刀套装（1刀架1刀头+4刀头）京东特供装,舒服，好用，比电动的刮的干净舒服,5,来自京东Android客户端,0,0
2017-05-12 22:27:24,_***飞,10403632519,PLUS会员,3014239,【京东超市】吉列剃须刀锋隐致护手动刮胡刀套装（1刀架1刀头+4刀头）京东特供装,可以，刮得很干净，就是感觉价格略贵,5,来自京东Android客户端,0,0
2017-04-24 09:11:46,蓝***记,10402878321,钻石会员,3014239,【京东超市】吉列剃须刀锋隐致护手动刮胡刀套装（1刀架1刀头+4刀头）京东特供装,非常好用！已经用过一年，这个是第二次购买了！墙裂推荐！,5,来自京东Android客户端,0,0
2017-05-13 09:59:30,吖***巭,10401890632,PLUS会员,3014239,【京东超市】吉列剃须刀锋隐致护手动刮胡刀套装（1刀架1刀头+4刀头）京东特供装,没用呢。。。。。。。。。。。。。。,5,,0,0
2017-05-11 15:15:58,l***1,10404100139,PLUS会员,3014239,【京东超市】吉列剃须刀锋隐致护手动刮胡刀套装（1刀架1刀头+4刀头）京东特供装,一直就在京东买东西，相信京东的品质,5,来自京东iPhone客户端,0,0
2017-03-10 19:35:59,露***6,10212903241,金牌会员,3014239,【京东超市】吉列剃须刀锋隐致护手动刮胡刀套装（1刀架1刀头+4刀头）京东特供装,送给女朋友爸爸的，感觉可以。挺不错的，价钱合理，吉利的产品信得过。,5,来自京东Android客户端,0,0
2017-05-03 05:35:46,y***8,10369212938,PLUS会员[试用],3014239,【京东超市】吉列剃须刀锋隐致护手动刮胡刀套装（1刀架1刀头+4刀头）京东特供装,物流速度快，东西质量好，服务态度好?,5,来自京东Android客户端,0,0
2017-05-02 00:58:02,l***e,10389414424,PLUS会员,3014239,【京东超市】吉列剃须刀锋隐致护手动刮胡刀套装（1刀架1刀头+4刀头）京东特供装,下半年大家的肯定没法面对加德满都吗,5,来自京东iPhone客户端,0,0
2017-04-02 13:48:56,i***2,10319900445,钻石会员,3014239,【京东超市】吉列剃须刀锋隐致护手动刮胡刀套装（1刀架1刀头+4刀头）京东特供装,很好用，本人毛发并不重，用起来很舒服，一个旅行盒加4个刀头。,5,来自京东Android客户端,0,0
2017-05-08 10:11:37,j***k,10384713101,金牌会员,3014239,【京东超市】吉列剃须刀锋隐致护手动刮胡刀套装（1刀架1刀头+4刀头）京东特供装,上午下单，下午就到了！真是快！！东西还没用，应该不错！,5,来自京东iPhone客户端,0,0
2017-04-29 06:07:01,F***3,10357625448,金牌会员,3014239,【京东超市】吉列剃须刀锋隐致护手动刮胡刀套装（1刀架1刀头+4刀头）京东特供装,之前用过锋隐致顺，感觉很好，现在用这个，还专门在网上查差别,5,来自京东Android客户端,0,0
2017-03-05 21:51:24,w***3,10334325081,钻石会员,3014239,【京东超市】吉列剃须刀锋隐致护手动刮胡刀套装（1刀架1刀头+4刀头）京东特供装,一直用，东西很不错,5,,0,0
2017-04-09 10:06:47,j***0,10292535147,银牌会员,3014239,【京东超市】吉列剃须刀锋隐致护手动刮胡刀套装（1刀架1刀头+4刀头）京东特供装,上午下单，下午五点就收到了，真速度，包装很好，还没用用了再来评论,5,来自京东Android客户端,0,1
2017-04-11 16:55:04,最***人,10310861721,钻石会员,3014239,【京东超市】吉列剃须刀锋隐致护手动刮胡刀套装（1刀架1刀头+4刀头）京东特供装,买个好点的确实比原来的好用些 有些锋利,5,,0,0
2017-05-05 09:51:12,j***s,10378248738,PLUS会员,3014239,【京东超市】吉列剃须刀锋隐致护手动刮胡刀套装（1刀架1刀头+4刀头）京东特供装,寄过来包装边角有点凹陷，试用再追评,5,来自京东iPhone客户端,0,0
2017-02-05 12:52:31,巴***亚,10376505029,PLUS会员,3014239,【京东超市】吉列剃须刀锋隐致护手动刮胡刀套装（1刀架1刀头+4刀头）京东特供装,一直在京东买这些产品，主要是放心。,5,来自京东iPhone客户端,0,0
2017-04-24 01:52:10,jd_62d011376f918,10339806715,金牌会员,3014239,【京东超市】吉列剃须刀锋隐致护手动刮胡刀套装（1刀架1刀头+4刀头）京东特供装,不错，上次搞活动没购买，这次正好赶上就下单了，赞1??个！,5,来自京东iPhone客户端,0,0
2017-04-18 20:46:59,偶***停,10362276840,钻石会员,3014239,【京东超市】吉列剃须刀锋隐致护手动刮胡刀套装（1刀架1刀头+4刀头）京东特供装,很好用，价格比卖场便宜很多，京东很好,5,,0,0
2017-05-02 14:00:10,玲***5,10371693501,铜牌会员,3014239,【京东超市】吉列剃须刀锋隐致护手动刮胡刀套装（1刀架1刀头+4刀头）京东特供装,感觉质量不错，发货速度很快，第二天就收到了，还是不错的,5,来自京东iPhone客户端,0,0
2017-02-12 08:52:47,4***m,10234957436,钻石会员,3014239,【京东超市】吉列剃须刀锋隐致护手动刮胡刀套装（1刀架1刀头+4刀头）京东特供装,不错，和超市一样，但价格确实要便宜太多！,5,,0,0
2017-04-01 14:51:45,8***0,10270360067,银牌会员,3014239,【京东超市】吉列剃须刀锋隐致护手动刮胡刀套装（1刀架1刀头+4刀头）京东特供装,虽然没有赠品，还是买了，毕竟自营店，靠谱些，东西不错，还没用，之前用10款锋隐就很好，相信这个更棒,5,来自京东iPhone客户端,0,0
2017-02-13 09:10:11,游***8,10257933517,PLUS会员,3014239,【京东超市】吉列剃须刀锋隐致护手动刮胡刀套装（1刀架1刀头+4刀头）京东特供装,送给老公的礼物 说很舒服 有替换刀头 有了这个再也不用电动的了,5,来自京东iPhone客户端,0,0
2017-03-09 16:27:14,莫***妈,10349785016,银牌会员,2552207,【京东超市】吉列剃须刀锋隐致护手动刮胡刀套装（1刀架1刀头+4刀头）京东特供装,不错，挺好用的，一直在用着慢慢来慢慢刮，享受那一刻的感觉。,5,来自京东iPhone客户端,0,0
2017-03-27 14:27:32,毛***郑,10257421107,金牌会员,3014239,【京东超市】吉列剃须刀锋隐致护手动刮胡刀套装（1刀架1刀头+4刀头）京东特供装,"还可以呀，没多大变化吧。。
最顶端的那个刀片不知干嘛用的？？",5,来自京东Android客户端,0,0
2017-04-02 16:25:54,l***x,10406226704,PLUS会员[试用],3014239,【京东超市】吉列剃须刀锋隐致护手动刮胡刀套装（1刀架1刀头+4刀头）京东特供装,比之前的锋速三好用多了，有手感！,5,来自京东iPhone客户端,0,0
2017-05-13 07:31:46,j***9,10405901582,银牌会员,3014239,【京东超市】吉列剃须刀锋隐致护手动刮胡刀套装（1刀架1刀头+4刀头）京东特供装,一直都在用这个牌子，锋隐致护感觉就是不一样，很喜欢。,5,来自京东Android客户端,0,0
2017-05-14 10:04:59,j***F,10405102910,金牌会员,3014239,【京东超市】吉列剃须刀锋隐致护手动刮胡刀套装（1刀架1刀头+4刀头）京东特供装,很好用，今天到货就使用了！非常好用！而且伤不到皮肤！,5,来自微信购物,0,0
2017-01-25 23:42:31,m***u,10285210618,PLUS会员,3014239,【京东超市】吉列剃须刀锋隐致护手动刮胡刀套装（1刀架1刀头+4刀头）京东特供装,一直用这个品牌，每年都会新买，个人感觉比电动的好太多了！！,5,来自京东iPhone客户端,0,0
2017-03-28 12:41:50,j***仔,10259585460,钻石会员,3014239,【京东超市】吉列剃须刀锋隐致护手动刮胡刀套装（1刀架1刀头+4刀头）京东特供装,包装被开过，都斯开了，在京东购物这是第一次，看了下里面还好，就算了,5,来自京东iPhone客户端,0,0
2017-04-24 23:16:04,岁***长,10366881014,PLUS会员,3014239,【京东超市】吉列剃须刀锋隐致护手动刮胡刀套装（1刀架1刀头+4刀头）京东特供装,吉列！一直以来信任的品牌！物流超赞,5,来自京东Android客户端,0,0
2017-04-14 09:49:29,你***尼,10397117292,金牌会员,3014239,【京东超市】吉列剃须刀锋隐致护手动刮胡刀套装（1刀架1刀头+4刀头）京东特供装,剃得得挺干净的，比电动的好用多了,5,,0,0
2017-05-10 16:57:43,S***V,10396157173,铜牌会员,3014239,【京东超市】吉列剃须刀锋隐致护手动刮胡刀套装（1刀架1刀头+4刀头）京东特供装,第一次用感觉还好不错不知道一个刀头能用多久送货速度没的说就是快,5,来自京东iPhone客户端,0,0
2017-03-31 16:59:47,d***4,10357647908,钻石会员,3014239,【京东超市】吉列剃须刀锋隐致护手动刮胡刀套装（1刀架1刀头+4刀头）京东特供装,刮胡子刮的很干净，不错，这个真的不错不错，因为现在的刮胡刀有的刮的不是很干净,5,来自京东iPhone客户端,0,0
2017-04-02 10:14:15,储***记,10271345908,PLUS会员,3014239,【京东超市】吉列剃须刀锋隐致护手动刮胡刀套装（1刀架1刀头+4刀头）京东特供装,非常漂亮，虽然价格贵，但是觉得还不错。刀柄细节不够仔细，做工不够精细。,5,来自京东iPhone客户端,0,0
2017-05-03 16:07:41,峰***0,10388452014,PLUS会员[试用],3014239,【京东超市】吉列剃须刀锋隐致护手动刮胡刀套装（1刀架1刀头+4刀头）京东特供装,忘了拍照了！感觉质量应该不错，因为是送人的,5,来自京东iPhone客户端,0,0
2017-02-10 12:59:17,追***3,10367929805,金牌会员,3014239,【京东超市】吉列剃须刀锋隐致护手动刮胡刀套装（1刀架1刀头+4刀头）京东特供装,看起来包装旧旧的，不知道是几手不，还没用，送人,5,,0,0
2017-04-26 17:54:57,l***g,10353386111,PLUS会员,3014239,【京东超市】吉列剃须刀锋隐致护手动刮胡刀套装（1刀架1刀头+4刀头）京东特供装,不错，信赖的平台，信赖的品牌，还有什么可担心的呢,5,来自京东Android客户端,0,0
2017-04-21 17:41:24,M***4,10384486468,钻石会员,3014239,【京东超市】吉列剃须刀锋隐致护手动刮胡刀套装（1刀架1刀头+4刀头）京东特供装,我用了一个 感觉不错 给家里老爷子买了一个,5,,0,0
2017-03-14 15:08:05,踩***星,10215298438,PLUS会员,3014239,【京东超市】吉列剃须刀锋隐致护手动刮胡刀套装（1刀架1刀头+4刀头）京东特供装,京东自营商品就是送货快，昨天下单，今天就到了，包装完好，还有专供京东字样，非常满意,5,来自京东iPhone客户端,0,0
2017-02-07 00:30:20,l***8,10365894796,PLUS会员,3014239,【京东超市】吉列剃须刀锋隐致护手动刮胡刀套装（1刀架1刀头+4刀头）京东特供装,给老公买的，比之前的那款贵，刀头可以左右活动,5,来自京东iPhone客户端,0,0
2017-04-16 15:58:30,春***部,10350804629,钻石会员,1349161,【京东超市】吉列剃须刀锋隐致护手动刮胡刀套装（1刀架1刀头+4刀头）京东特供装,吉列产品用了十多年了 一直很信赖也是第一首选,5,,0,0
2017-05-04 07:02:15,m***e,10405147979,PLUS会员,3014239,【京东超市】吉列剃须刀锋隐致护手动刮胡刀套装（1刀架1刀头+4刀头）京东特供装,相信吉列品质，必须赞，此外，速度很快,5,来自京东iPhone客户端,0,0
2017-04-22 08:04:03,曾***1,10335351847,银牌会员,3014239,【京东超市】吉列剃须刀锋隐致护手动刮胡刀套装（1刀架1刀头+4刀头）京东特供装,挺好的，就是感觉偏贵，其他都不错，尤其是物流杠杠的，服务态度非常好,5,来自京东iPhone客户端,0,0
2017-03-27 20:54:20,1***m,10273221119,银牌会员,3014239,【京东超市】吉列剃须刀锋隐致护手动刮胡刀套装（1刀架1刀头+4刀头）京东特供装,一直买吉列，果然没让我失望，东西挺重的，感觉像进口的，质量应该没问题,5,来自京东iPhone客户端,0,0
2017-03-26 17:10:16,树***屋,10310246979,金牌会员,3014239,【京东超市】吉列剃须刀锋隐致护手动刮胡刀套装（1刀架1刀头+4刀头）京东特供装,手感非常好，刀头带有随动转向功能，非常灵活，更加安全，贴合面部轮廓,5,来自京东Android客户端,0,0
2017-05-04 13:37:57,瓦***记,10403360025,金牌会员,3014239,【京东超市】吉列剃须刀锋隐致护手动刮胡刀套装（1刀架1刀头+4刀头）京东特供装,推荐最多的一款吉列剃须刀，新加入的&ldquo;FLEXBALL顺贴球&rdquo;科技，多角度感应面部轮廓，使剃须无死角。,5,来自京东iPhone客户端,0,0
2017-05-07 12:16:52,j***t,10403469001,银牌会员,3014239,【京东超市】吉列剃须刀锋隐致护手动刮胡刀套装（1刀架1刀头+4刀头）京东特供装,自从用了这款，每天都照镜子等待胡子出来，比电动的舒服多了,5,来自京东Android客户端,0,0
2017-03-24 11:30:56,j***u,10245634883,铜牌会员,3014239,【京东超市】吉列剃须刀锋隐致护手动刮胡刀套装（1刀架1刀头+4刀头）京东特供装,看着不错，还没有用呢，1刀四刀头，okokokok，男人对自己要好。,5,来自京东Android客户端,0,0
2017-05-11 13:32:47,我***恒,10397821055,PLUS会员,3014239,【京东超市】吉列剃须刀锋隐致护手动刮胡刀套装（1刀架1刀头+4刀头）京东特供装,第一次用这么贵的剃须刀，看起来还不错,5,来自京东Android客户端,0,0
2017-04-07 04:05:35,无***碌,10366443861,PLUS会员,3014239,【京东超市】吉列剃须刀锋隐致护手动刮胡刀套装（1刀架1刀头+4刀头）京东特供装,一般 习惯了电动的 这个用起来不太舒服,5,来自京东iPhone客户端,0,1
2017-03-29 18:02:20,6***笑,10269037609,PLUS会员,3014239,【京东超市】吉列剃须刀锋隐致护手动刮胡刀套装（1刀架1刀头+4刀头）京东特供装,非常不错，不过没发现还有一款电动手动两用的有点遗憾，下次再买啦,5,来自京东Android客户端,0,0
2017-04-20 16:28:04,1***p,10348052395,铜牌会员,3014239,【京东超市】吉列剃须刀锋隐致护手动刮胡刀套装（1刀架1刀头+4刀头）京东特供装,"感觉不是很好，刮起来有点疼，一百多的剃须刀
用着还不如几十块的",5,来自京东Android客户端,0,0
2017-02-09 17:20:52,c***c,10360492860,PLUS会员[试用],3014239,【京东超市】吉列剃须刀锋隐致护手动刮胡刀套装（1刀架1刀头+4刀头）京东特供装,非常不错难得的一次愉快购物体验。同时购买了刀片，以后可以更换,5,来自京东Android客户端,0,0
2017-04-08 13:38:10,x***7,10393596949,PLUS会员,3014239,【京东超市】吉列剃须刀锋隐致护手动刮胡刀套装（1刀架1刀头+4刀头）京东特供装,恩，感觉很好用，还是一如既往的喜欢京东,5,来自京东Android客户端,0,0
2017-03-29 13:10:39,j***s,10262896337,铜牌会员,3014239,【京东超市】吉列剃须刀锋隐致护手动刮胡刀套装（1刀架1刀头+4刀头）京东特供装,快递很快。第一天下午下单第二天上午就到了。 使用了一下。剃须效果很好。,5,来自京东iPhone客户端,0,0
2017-03-02 19:20:52,a***l,10213464464,PLUS会员,3014239,【京东超市】吉列剃须刀锋隐致护手动刮胡刀套装（1刀架1刀头+4刀头）京东特供装,锋隐致护可以左右动，使用起来比之前的产品更加方便，而且价格非常划算,5,,0,0
2017-04-30 21:54:37,你***想,10389034069,PLUS会员,3014239,【京东超市】吉列剃须刀锋隐致护手动刮胡刀套装（1刀架1刀头+4刀头）京东特供装,东西到手，用了下，还不错，刮得很干净。,5,来自京东Android客户端,0,0
2017-03-15 19:57:01,冰***冰,10383486293,PLUS会员,3014239,【京东超市】吉列剃须刀锋隐致护手动刮胡刀套装（1刀架1刀头+4刀头）京东特供装,非常好的东西，速度快又给力，支持京东。,5,来自京东iPhone客户端,0,0
2017-02-28 22:27:01,庖***靠,10279520199,银牌会员,3014239,【京东超市】吉列剃须刀锋隐致护手动刮胡刀套装（1刀架1刀头+4刀头）京东特供装,用起来还不错的，就是用完后要放在干燥处，防止刀片上的润滑物水溶。,5,来自京东iPhone客户端,0,0
2017-05-02 09:47:33,j***古,10369073570,银牌会员,3014239,【京东超市】吉列剃须刀锋隐致护手动刮胡刀套装（1刀架1刀头+4刀头）京东特供装,产品是正品，用起来很不错！是第二次在这家店买了。还是很放心的！,5,来自京东Android客户端,0,0
2017-05-04 19:00:20,w***埃,10378025796,铜牌会员,3014239,【京东超市】吉列剃须刀锋隐致护手动刮胡刀套装（1刀架1刀头+4刀头）京东特供装,东西不错，快递超牛逼一天就到，当天晚上用了一下，非常满意！,5,来自京东Android客户端,0,0
2017-03-29 06:38:14,h***i,10261766797,金牌会员,3014239,【京东超市】吉列剃须刀锋隐致护手动刮胡刀套装（1刀架1刀头+4刀头）京东特供装,速度非常的快，当天就到了！东西也不错！,5,,0,0
2017-04-30 20:23:21,j***1,10361886591,PLUS会员,3014239,【京东超市】吉列剃须刀锋隐致护手动刮胡刀套装（1刀架1刀头+4刀头）京东特供装,我能找到的最好的 最可信的产品和商家,5,来自京东Android客户端,0,0
2017-05-09 08:19:17,S***3,10393450850,PLUS会员,3014239,【京东超市】吉列剃须刀锋隐致护手动刮胡刀套装（1刀架1刀头+4刀头）京东特供装,物理快.产品好.非常满意的购物.,5,来自京东iPhone客户端,0,0
2017-04-27 16:50:50,冯***洋,10359057628,PLUS会员,3014239,【京东超市】吉列剃须刀锋隐致护手动刮胡刀套装（1刀架1刀头+4刀头）京东特供装,东西不错的？包装也可以的。支持京东,5,来自京东Android客户端,0,0
2017-04-10 21:10:11,铁***侠,10306228709,银牌会员,3014239,【京东超市】吉列剃须刀锋隐致护手动刮胡刀套装（1刀架1刀